<?xml version="1.0" encoding="UTF-8"?><idempiere Name="TranslationInfoMenu" Version="1.0.0" idempiereVersion="" DataBaseVersion="" Description="bocanova" Author="" AuthorEmail="" CreatedDate="2016-12-23 14:23:19.812" UpdatedDate="2016-12-23 14:23:19.812" PackOutVersion="100" UpdateDictionary="false" Client="0-SYSTEM-System" AD_Client_UU="11237b53-9592-4af1-b3c5-afd216514b5d">
    <AD_Menu type="table">
        <SeqNo>15</SeqNo>
        <AD_Client_ID>0</AD_Client_ID>
        <AD_Org_ID>0</AD_Org_ID>
        <Name>BOC Translation Info</Name>
        <Description/>
        <Action/>
        <AD_Window_ID reference="id"/>
        <AD_Workflow_ID reference="id"/>
        <AD_Task_ID reference="id"/>
        <IsActive>Y</IsActive>
        <IsSummary>Y</IsSummary>
        <AD_Process_ID reference="id"/>
        <IsSOTrx>N</IsSOTrx>
        <AD_Form_ID reference="id"/>
        <IsReadOnly>N</IsReadOnly>
        <EntityType>U</EntityType>
        <IsCentrallyMaintained>N</IsCentrallyMaintained>
        <AD_Menu_UU>ae39a8be-ee0d-47b1-97b3-ba6b29494b87</AD_Menu_UU>
        <AD_InfoWindow_ID reference="id"/>
        <AD_Menu_Trl type="translation">
            <Name>Translation Info</Name>
            <Description/>
            <AD_Language>es_CO</AD_Language>
            <IsActive>Y</IsActive>
            <IsTranslated>N</IsTranslated>
        </AD_Menu_Trl>
        <AD_Menu type="table">
            <Parent_ID reference="uuid" reference-key="AD_Menu">ae39a8be-ee0d-47b1-97b3-ba6b29494b87</Parent_ID>
            <SeqNo>0</SeqNo>
            <AD_Client_ID>0</AD_Client_ID>
            <AD_Org_ID>0</AD_Org_ID>
            <Name>Translation Info Window</Name>
            <Description/>
            <Action>I</Action>
            <AD_Window_ID reference="id"/>
            <AD_Workflow_ID reference="id"/>
            <AD_Task_ID reference="id"/>
            <IsActive>Y</IsActive>
            <IsSummary>N</IsSummary>
            <AD_Process_ID reference="id"/>
            <IsSOTrx>N</IsSOTrx>
            <AD_Form_ID reference="id"/>
            <IsReadOnly>N</IsReadOnly>
            <EntityType>U</EntityType>
            <IsCentrallyMaintained>Y</IsCentrallyMaintained>
            <AD_Menu_UU>c85e68bb-af48-46ea-90b0-53e363748347</AD_Menu_UU>
            <AD_InfoWindow_ID reference="uuid" reference-key="AD_InfoWindow">086ac64c-f16e-4a69-b280-0b75dcac8d76</AD_InfoWindow_ID>
        </AD_Menu>
    </AD_Menu>
    <AD_Menu type="table">
        <Parent_ID reference="uuid" reference-key="AD_Menu">ae39a8be-ee0d-47b1-97b3-ba6b29494b87</Parent_ID>
        <SeqNo>0</SeqNo>
        <AD_Client_ID>0</AD_Client_ID>
        <AD_Org_ID>0</AD_Org_ID>
        <Name>Translation Info Window</Name>
        <Description/>
        <Action>I</Action>
        <AD_Window_ID reference="id"/>
        <AD_Workflow_ID reference="id"/>
        <AD_Task_ID reference="id"/>
        <IsActive>Y</IsActive>
        <IsSummary>N</IsSummary>
        <AD_Process_ID reference="id"/>
        <IsSOTrx>N</IsSOTrx>
        <AD_Form_ID reference="id"/>
        <IsReadOnly>N</IsReadOnly>
        <EntityType>U</EntityType>
        <IsCentrallyMaintained>Y</IsCentrallyMaintained>
        <AD_Menu_UU>c85e68bb-af48-46ea-90b0-53e363748347</AD_Menu_UU>
        <AD_InfoWindow_ID reference="uuid" reference-key="AD_InfoWindow">086ac64c-f16e-4a69-b280-0b75dcac8d76</AD_InfoWindow_ID>
        <AD_Menu_Trl type="translation">
            <Name>Translation Info</Name>
            <Description/>
            <AD_Language>es_CO</AD_Language>
            <IsActive>Y</IsActive>
            <IsTranslated>N</IsTranslated>
        </AD_Menu_Trl>
    </AD_Menu>
</idempiere>
