<?xml version="1.0" encoding="UTF-8"?><idempiere Name="AD_InfoWindow" Version="1.0.0" idempiereVersion="4.1.0.qualifier" DataBaseVersion="2016-10-31" Description="" Author="SuperUser" AuthorEmail="superuser @ idempiere.com" CreatedDate="Sat Dec 24 17:22:22 CET 2016" UpdatedDate="Sat Dec 24 17:22:22 CET 2016" PackOutVersion="100" UpdateDictionary="true" Client="0-SYSTEM-System" AD_Client_UU="11237b53-9592-4af1-b3c5-afd216514b5d">
    <AD_InfoWindow type="table">
        <AD_Client_ID>0</AD_Client_ID>
        <AD_Org_ID>0</AD_Org_ID>
        <IsActive>Y</IsActive>
        <Name>Translation Info</Name>
        <Description/>
        <Help/>
        <AD_Table_ID reference="uuid" reference-key="AD_Table">ea91093c-3f9d-4a1b-bac6-eb6cea9cae68</AD_Table_ID>
        <EntityType>U</EntityType>
        <FromClause>BOC_Translation_v v</FromClause>
        <OtherClause/>
        <Processing>N</Processing>
        <AD_InfoWindow_UU>086ac64c-f16e-4a69-b280-0b75dcac8d76</AD_InfoWindow_UU>
        <WhereClause/>
        <IsDefault>N</IsDefault>
        <IsDistinct>Y</IsDistinct>
        <OrderByClause>v.original, v.translation</OrderByClause>
        <IsValid>Y</IsValid>
        <AD_CtxHelp_ID reference="id"/>
        <ImageURL/>
        <SeqNo>100</SeqNo>
        <IsShowInDashboard>Y</IsShowInDashboard>
        <MaxQueryRecords>0</MaxQueryRecords>
        <isLoadPageNum>Y</isLoadPageNum>
        <AD_InfoWindow_Trl type="translation">
            <Help/>
            <Name>Translation Info</Name>
            <Description/>
            <AD_Language>es_CO</AD_Language>
            <IsActive>Y</IsActive>
            <IsTranslated>N</IsTranslated>
        </AD_InfoWindow_Trl>
        <AD_InfoColumn type="table">
            <AD_Client_ID>0</AD_Client_ID>
            <AD_Org_ID>0</AD_Org_ID>
            <IsActive>Y</IsActive>
            <Name>Column</Name>
            <Description>Column in the table</Description>
            <Help>Link to the database column of the table</Help>
            <AD_InfoWindow_ID reference="uuid" reference-key="AD_InfoWindow">086ac64c-f16e-4a69-b280-0b75dcac8d76</AD_InfoWindow_ID>
            <EntityType>U</EntityType>
            <SelectClause>v.AD_Column_ID</SelectClause>
            <SeqNo>60</SeqNo>
            <IsDisplayed>N</IsDisplayed>
            <IsQueryCriteria>Y</IsQueryCriteria>
            <AD_Element_ID reference="id">104</AD_Element_ID>
            <AD_Reference_ID reference="id">18</AD_Reference_ID>
            <AD_InfoColumn_UU>8f5bf3e9-a04f-42a9-8d0f-9bfeb149cff8</AD_InfoColumn_UU>
            <AD_Reference_Value_ID reference="uuid" reference-key="AD_Reference">03773125-6986-430b-b7fa-99245c20408a</AD_Reference_Value_ID>
            <AD_Val_Rule_ID reference="id">100</AD_Val_Rule_ID>
            <IsCentrallyMaintained>Y</IsCentrallyMaintained>
            <DisplayLogic/>
            <ColumnName>AD_Column_ID</ColumnName>
            <QueryOperator>=</QueryOperator>
            <QueryFunction/>
            <IsIdentifier>N</IsIdentifier>
            <SeqNoSelection>0</SeqNoSelection>
            <DefaultValue/>
            <IsMandatory>N</IsMandatory>
            <IsKey>N</IsKey>
            <AD_InfoColumn_Trl type="translation">
                <Help>Link to the database column of the table</Help>
                <Name>Column</Name>
                <Description>Column in the table</Description>
                <AD_Language>es_CO</AD_Language>
                <IsActive>Y</IsActive>
                <IsTranslated>N</IsTranslated>
            </AD_InfoColumn_Trl>
        </AD_InfoColumn>
        <AD_InfoColumn type="table">
            <AD_Client_ID>0</AD_Client_ID>
            <AD_Org_ID>0</AD_Org_ID>
            <IsActive>Y</IsActive>
            <Name>Not Translated</Name>
            <Description>This column is not translated</Description>
            <Help>The Translated checkbox indicates if this column is translated.</Help>
            <AD_InfoWindow_ID reference="uuid" reference-key="AD_InfoWindow">086ac64c-f16e-4a69-b280-0b75dcac8d76</AD_InfoWindow_ID>
            <EntityType>U</EntityType>
            <SelectClause>v.IsTranslated</SelectClause>
            <SeqNo>30</SeqNo>
            <IsDisplayed>N</IsDisplayed>
            <IsQueryCriteria>N</IsQueryCriteria>
            <AD_Element_ID reference="id">420</AD_Element_ID>
            <AD_Reference_ID reference="id">20</AD_Reference_ID>
            <AD_InfoColumn_UU>e1c1486a-638e-4012-8496-e424260d8777</AD_InfoColumn_UU>
            <AD_Reference_Value_ID reference="id"/>
            <AD_Val_Rule_ID reference="id"/>
            <IsCentrallyMaintained>Y</IsCentrallyMaintained>
            <DisplayLogic/>
            <ColumnName>IsTranslated</ColumnName>
            <QueryOperator/>
            <QueryFunction/>
            <IsIdentifier>N</IsIdentifier>
            <SeqNoSelection>0</SeqNoSelection>
            <DefaultValue/>
            <IsMandatory>N</IsMandatory>
            <IsKey>N</IsKey>
            <AD_InfoColumn_Trl type="translation">
                <Help>The Translated checkbox indicates if this column is translated.</Help>
                <Name>Translated</Name>
                <Description>This column is translated</Description>
                <AD_Language>es_CO</AD_Language>
                <IsActive>Y</IsActive>
                <IsTranslated>N</IsTranslated>
            </AD_InfoColumn_Trl>
        </AD_InfoColumn>
        <AD_InfoColumn type="table">
            <AD_Client_ID>0</AD_Client_ID>
            <AD_Org_ID>0</AD_Org_ID>
            <IsActive>Y</IsActive>
            <Name>Language ID</Name>
            <Description/>
            <Help/>
            <AD_InfoWindow_ID reference="uuid" reference-key="AD_InfoWindow">086ac64c-f16e-4a69-b280-0b75dcac8d76</AD_InfoWindow_ID>
            <EntityType>U</EntityType>
            <SelectClause>v.AD_Language_ID</SelectClause>
            <SeqNo>40</SeqNo>
            <IsDisplayed>N</IsDisplayed>
            <IsQueryCriteria>Y</IsQueryCriteria>
            <AD_Element_ID reference="id">2159</AD_Element_ID>
            <AD_Reference_ID reference="id">18</AD_Reference_ID>
            <AD_InfoColumn_UU>0604524d-3177-4a21-9bf7-a5d876b5da28</AD_InfoColumn_UU>
            <AD_Reference_Value_ID reference="uuid" reference-key="AD_Reference">e4f14fb9-68ab-4c5f-ab95-8206fcdb38ce</AD_Reference_Value_ID>
            <AD_Val_Rule_ID reference="id"/>
            <IsCentrallyMaintained>Y</IsCentrallyMaintained>
            <DisplayLogic/>
            <ColumnName>AD_Language_ID</ColumnName>
            <QueryOperator>=</QueryOperator>
            <QueryFunction/>
            <IsIdentifier>N</IsIdentifier>
            <SeqNoSelection>0</SeqNoSelection>
            <DefaultValue/>
            <IsMandatory>Y</IsMandatory>
            <IsKey>N</IsKey>
            <AD_InfoColumn_Trl type="translation">
                <Help/>
                <Name>Language ID</Name>
                <Description/>
                <AD_Language>es_CO</AD_Language>
                <IsActive>Y</IsActive>
                <IsTranslated>N</IsTranslated>
            </AD_InfoColumn_Trl>
        </AD_InfoColumn>
        <AD_InfoColumn type="table">
            <AD_Client_ID>0</AD_Client_ID>
            <AD_Org_ID>0</AD_Org_ID>
            <IsActive>Y</IsActive>
            <Name>Table</Name>
            <Description>Database Table information</Description>
            <Help>The Database Table provides the information of the table definition</Help>
            <AD_InfoWindow_ID reference="uuid" reference-key="AD_InfoWindow">086ac64c-f16e-4a69-b280-0b75dcac8d76</AD_InfoWindow_ID>
            <EntityType>U</EntityType>
            <SelectClause>v.AD_Table_ID</SelectClause>
            <SeqNo>50</SeqNo>
            <IsDisplayed>N</IsDisplayed>
            <IsQueryCriteria>Y</IsQueryCriteria>
            <AD_Element_ID reference="id">126</AD_Element_ID>
            <AD_Reference_ID reference="id">18</AD_Reference_ID>
            <AD_InfoColumn_UU>5aec316b-0e65-4506-9021-52bc48b4cdb7</AD_InfoColumn_UU>
            <AD_Reference_Value_ID reference="uuid" reference-key="AD_Reference">fe3eba7d-6f16-4059-814d-df772366d053</AD_Reference_Value_ID>
            <AD_Val_Rule_ID reference="id"/>
            <IsCentrallyMaintained>Y</IsCentrallyMaintained>
            <DisplayLogic/>
            <ColumnName>AD_Table_ID</ColumnName>
            <QueryOperator>=</QueryOperator>
            <QueryFunction/>
            <IsIdentifier>N</IsIdentifier>
            <SeqNoSelection>0</SeqNoSelection>
            <DefaultValue/>
            <IsMandatory>N</IsMandatory>
            <IsKey>N</IsKey>
            <AD_InfoColumn_Trl type="translation">
                <Help>The Database Table provides the information of the table definition</Help>
                <Name>Table</Name>
                <Description>Database Table information</Description>
                <AD_Language>es_CO</AD_Language>
                <IsActive>Y</IsActive>
                <IsTranslated>N</IsTranslated>
            </AD_InfoColumn_Trl>
        </AD_InfoColumn>
        <AD_InfoColumn type="table">
            <AD_Client_ID>0</AD_Client_ID>
            <AD_Org_ID>0</AD_Org_ID>
            <IsActive>Y</IsActive>
            <Name>translation</Name>
            <Description/>
            <Help/>
            <AD_InfoWindow_ID reference="uuid" reference-key="AD_InfoWindow">086ac64c-f16e-4a69-b280-0b75dcac8d76</AD_InfoWindow_ID>
            <EntityType>U</EntityType>
            <SelectClause>v.translation</SelectClause>
            <SeqNo>20</SeqNo>
            <IsDisplayed>Y</IsDisplayed>
            <IsQueryCriteria>Y</IsQueryCriteria>
            <AD_Element_ID reference="uuid" reference-key="AD_Element">a92f1297-a72e-443d-8bc0-e27aac1c62bc</AD_Element_ID>
            <AD_Reference_ID reference="id">14</AD_Reference_ID>
            <AD_InfoColumn_UU>1212b52a-a93e-4168-9632-cbb8af2c15a4</AD_InfoColumn_UU>
            <AD_Reference_Value_ID reference="id"/>
            <AD_Val_Rule_ID reference="id"/>
            <IsCentrallyMaintained>Y</IsCentrallyMaintained>
            <DisplayLogic/>
            <ColumnName>translation</ColumnName>
            <QueryOperator>Like</QueryOperator>
            <QueryFunction>Upper</QueryFunction>
            <IsIdentifier>N</IsIdentifier>
            <SeqNoSelection>0</SeqNoSelection>
            <DefaultValue/>
            <IsMandatory>N</IsMandatory>
            <IsKey>N</IsKey>
            <AD_InfoColumn_Trl type="translation">
                <Help/>
                <Name>translation</Name>
                <Description/>
                <AD_Language>es_CO</AD_Language>
                <IsActive>Y</IsActive>
                <IsTranslated>N</IsTranslated>
            </AD_InfoColumn_Trl>
        </AD_InfoColumn>
        <AD_InfoColumn type="table">
            <AD_Client_ID>0</AD_Client_ID>
            <AD_Org_ID>0</AD_Org_ID>
            <IsActive>Y</IsActive>
            <Name>original</Name>
            <Description/>
            <Help/>
            <AD_InfoWindow_ID reference="uuid" reference-key="AD_InfoWindow">086ac64c-f16e-4a69-b280-0b75dcac8d76</AD_InfoWindow_ID>
            <EntityType>U</EntityType>
            <SelectClause>v.original</SelectClause>
            <SeqNo>10</SeqNo>
            <IsDisplayed>Y</IsDisplayed>
            <IsQueryCriteria>Y</IsQueryCriteria>
            <AD_Element_ID reference="uuid" reference-key="AD_Element">bf2be1e3-c171-4702-8eb8-bed0c6085746</AD_Element_ID>
            <AD_Reference_ID reference="id">14</AD_Reference_ID>
            <AD_InfoColumn_UU>b7a7ec65-e9d9-4b4b-9c2e-76fdcef64780</AD_InfoColumn_UU>
            <AD_Reference_Value_ID reference="id"/>
            <AD_Val_Rule_ID reference="id"/>
            <IsCentrallyMaintained>Y</IsCentrallyMaintained>
            <DisplayLogic/>
            <ColumnName>original</ColumnName>
            <QueryOperator>Like</QueryOperator>
            <QueryFunction>Upper</QueryFunction>
            <IsIdentifier>N</IsIdentifier>
            <SeqNoSelection>0</SeqNoSelection>
            <DefaultValue/>
            <IsMandatory>N</IsMandatory>
            <IsKey>N</IsKey>
            <AD_InfoColumn_Trl type="translation">
                <Help/>
                <Name>original</Name>
                <Description/>
                <AD_Language>es_CO</AD_Language>
                <IsActive>Y</IsActive>
                <IsTranslated>N</IsTranslated>
            </AD_InfoColumn_Trl>
        </AD_InfoColumn>
        <AD_InfoRelated type="table">
            <AD_Client_ID>0</AD_Client_ID>
            <AD_Org_ID>0</AD_Org_ID>
            <IsActive>Y</IsActive>
            <Name>Info about Table and Column</Name>
            <Description/>
            <Help/>
            <AD_InfoWindow_ID reference="uuid" reference-key="AD_InfoWindow">086ac64c-f16e-4a69-b280-0b75dcac8d76</AD_InfoWindow_ID>
            <SeqNo>0</SeqNo>
            <RelatedInfo_ID reference="uuid" reference-key="AD_InfoWindow">1e4610d5-811a-4f7b-97ac-c24dec7279ca</RelatedInfo_ID>
            <RelatedColumn_ID reference="uuid" reference-key="AD_InfoColumn">a9589b27-6f79-4e32-817b-7eae373a0a95</RelatedColumn_ID>
            <AD_InfoRelated_UU>b0ac6b7b-799f-49ea-b2f2-f768e6996c93</AD_InfoRelated_UU>
            <ParentRelatedColumn_ID reference="uuid" reference-key="AD_InfoColumn">0604524d-3177-4a21-9bf7-a5d876b5da28</ParentRelatedColumn_ID>
        </AD_InfoRelated>
        <AD_InfoWindow_Access type="table">
            <AD_Client_ID>0</AD_Client_ID>
            <AD_Org_ID>0</AD_Org_ID>
            <IsActive>Y</IsActive>
            <AD_InfoWindow_Access_UU>323f8012-ceb7-4b2d-9e09-e445fc415a1e</AD_InfoWindow_Access_UU>
            <AD_Role_ID reference="id">0</AD_Role_ID>
            <AD_InfoWindow_ID reference="uuid" reference-key="AD_InfoWindow">086ac64c-f16e-4a69-b280-0b75dcac8d76</AD_InfoWindow_ID>
        </AD_InfoWindow_Access>
    </AD_InfoWindow>
</idempiere>
