<?xml version="1.0" encoding="UTF-8"?><idempiere Name="AD_InfoWindow" Version="1.0.0" idempiereVersion="4.1.0.qualifier" DataBaseVersion="2016-10-31" Description="" Author="SuperUser" AuthorEmail="superuser @ idempiere.com" CreatedDate="Sat Dec 24 17:21:54 CET 2016" UpdatedDate="Sat Dec 24 17:21:54 CET 2016" PackOutVersion="100" UpdateDictionary="true" Client="0-SYSTEM-System" AD_Client_UU="11237b53-9592-4af1-b3c5-afd216514b5d">
    <AD_InfoWindow type="table">
        <AD_Client_ID>0</AD_Client_ID>
        <AD_Org_ID>0</AD_Org_ID>
        <IsActive>Y</IsActive>
        <Name>Translation Info Related</Name>
        <Description/>
        <Help/>
        <AD_Table_ID reference="uuid" reference-key="AD_Table">ea91093c-3f9d-4a1b-bac6-eb6cea9cae68</AD_Table_ID>
        <EntityType>U</EntityType>
        <FromClause>BOC_Translation_v v LEFT JOIN ad_table t USING (ad_table_id) LEFT JOIN ad_column c USING(ad_column_id)</FromClause>
        <OtherClause/>
        <Processing>N</Processing>
        <AD_InfoWindow_UU>1e4610d5-811a-4f7b-97ac-c24dec7279ca</AD_InfoWindow_UU>
        <WhereClause/>
        <IsDefault>N</IsDefault>
        <IsDistinct>N</IsDistinct>
        <OrderByClause/>
        <IsValid>Y</IsValid>
        <AD_CtxHelp_ID reference="id"/>
        <ImageURL/>
        <SeqNo>90</SeqNo>
        <IsShowInDashboard>N</IsShowInDashboard>
        <MaxQueryRecords>0</MaxQueryRecords>
        <isLoadPageNum>Y</isLoadPageNum>
        <AD_InfoWindow_Trl type="translation">
            <Help/>
            <Name>Translation Info Plus</Name>
            <Description/>
            <AD_Language>es_CO</AD_Language>
            <IsActive>Y</IsActive>
            <IsTranslated>N</IsTranslated>
        </AD_InfoWindow_Trl>
        <AD_InfoColumn type="table">
            <AD_Client_ID>0</AD_Client_ID>
            <AD_Org_ID>0</AD_Org_ID>
            <IsActive>Y</IsActive>
            <Name>Name</Name>
            <Description>Alphanumeric identifier of the entity</Description>
            <Help>The name of an entity (record) is used as an default search option in addition to the search key. The name is up to 60 characters in length.</Help>
            <AD_InfoWindow_ID reference="uuid" reference-key="AD_InfoWindow">1e4610d5-811a-4f7b-97ac-c24dec7279ca</AD_InfoWindow_ID>
            <EntityType>U</EntityType>
            <SelectClause>t.name</SelectClause>
            <SeqNo>30</SeqNo>
            <IsDisplayed>Y</IsDisplayed>
            <IsQueryCriteria>N</IsQueryCriteria>
            <AD_Element_ID reference="id">469</AD_Element_ID>
            <AD_Reference_ID reference="id">10</AD_Reference_ID>
            <AD_InfoColumn_UU>ab5ba6e8-9dfb-4421-862c-5edcd05a679e</AD_InfoColumn_UU>
            <AD_Reference_Value_ID reference="id"/>
            <AD_Val_Rule_ID reference="id"/>
            <IsCentrallyMaintained>Y</IsCentrallyMaintained>
            <DisplayLogic/>
            <ColumnName>Name</ColumnName>
            <QueryOperator>Like</QueryOperator>
            <QueryFunction>Upper</QueryFunction>
            <IsIdentifier>N</IsIdentifier>
            <SeqNoSelection>0</SeqNoSelection>
            <DefaultValue/>
            <IsMandatory>N</IsMandatory>
            <IsKey>N</IsKey>
            <AD_InfoColumn_Trl type="translation">
                <Help>The name of an entity (record) is used as an default search option in addition to the search key. The name is up to 60 characters in length.</Help>
                <Name>Name</Name>
                <Description>Alphanumeric identifier of the entity</Description>
                <AD_Language>es_CO</AD_Language>
                <IsActive>Y</IsActive>
                <IsTranslated>N</IsTranslated>
            </AD_InfoColumn_Trl>
        </AD_InfoColumn>
        <AD_InfoColumn type="table">
            <AD_Client_ID>0</AD_Client_ID>
            <AD_Org_ID>0</AD_Org_ID>
            <IsActive>Y</IsActive>
            <Name>Description</Name>
            <Description>Optional short description of the record</Description>
            <Help>A description is limited to 255 characters.</Help>
            <AD_InfoWindow_ID reference="uuid" reference-key="AD_InfoWindow">1e4610d5-811a-4f7b-97ac-c24dec7279ca</AD_InfoWindow_ID>
            <EntityType>U</EntityType>
            <SelectClause>t.description</SelectClause>
            <SeqNo>40</SeqNo>
            <IsDisplayed>Y</IsDisplayed>
            <IsQueryCriteria>N</IsQueryCriteria>
            <AD_Element_ID reference="id">275</AD_Element_ID>
            <AD_Reference_ID reference="id">10</AD_Reference_ID>
            <AD_InfoColumn_UU>414eee70-5ed7-46e8-be73-feb6e9dfbcfc</AD_InfoColumn_UU>
            <AD_Reference_Value_ID reference="id"/>
            <AD_Val_Rule_ID reference="id"/>
            <IsCentrallyMaintained>Y</IsCentrallyMaintained>
            <DisplayLogic/>
            <ColumnName>Description</ColumnName>
            <QueryOperator>Like</QueryOperator>
            <QueryFunction>Upper</QueryFunction>
            <IsIdentifier>N</IsIdentifier>
            <SeqNoSelection>0</SeqNoSelection>
            <DefaultValue/>
            <IsMandatory>N</IsMandatory>
            <IsKey>N</IsKey>
            <AD_InfoColumn_Trl type="translation">
                <Help>A description is limited to 255 characters.</Help>
                <Name>Description</Name>
                <Description>Optional short description of the record</Description>
                <AD_Language>es_CO</AD_Language>
                <IsActive>Y</IsActive>
                <IsTranslated>N</IsTranslated>
            </AD_InfoColumn_Trl>
        </AD_InfoColumn>
        <AD_InfoColumn type="table">
            <AD_Client_ID>0</AD_Client_ID>
            <AD_Org_ID>0</AD_Org_ID>
            <IsActive>Y</IsActive>
            <Name>Comment/Help</Name>
            <Description>Comment or Hint</Description>
            <Help>The Help field contains a hint, comment or help about the use of this item.</Help>
            <AD_InfoWindow_ID reference="uuid" reference-key="AD_InfoWindow">1e4610d5-811a-4f7b-97ac-c24dec7279ca</AD_InfoWindow_ID>
            <EntityType>U</EntityType>
            <SelectClause>t.help</SelectClause>
            <SeqNo>50</SeqNo>
            <IsDisplayed>Y</IsDisplayed>
            <IsQueryCriteria>N</IsQueryCriteria>
            <AD_Element_ID reference="id">326</AD_Element_ID>
            <AD_Reference_ID reference="id">10</AD_Reference_ID>
            <AD_InfoColumn_UU>e95e0a14-08fe-477f-b3bc-1ef47283034c</AD_InfoColumn_UU>
            <AD_Reference_Value_ID reference="id"/>
            <AD_Val_Rule_ID reference="id"/>
            <IsCentrallyMaintained>Y</IsCentrallyMaintained>
            <DisplayLogic/>
            <ColumnName>Help</ColumnName>
            <QueryOperator>Like</QueryOperator>
            <QueryFunction>Upper</QueryFunction>
            <IsIdentifier>N</IsIdentifier>
            <SeqNoSelection>0</SeqNoSelection>
            <DefaultValue/>
            <IsMandatory>N</IsMandatory>
            <IsKey>N</IsKey>
            <AD_InfoColumn_Trl type="translation">
                <Help>The Help field contains a hint, comment or help about the use of this item.</Help>
                <Name>Comment/Help</Name>
                <Description>Comment or Hint</Description>
                <AD_Language>es_CO</AD_Language>
                <IsActive>Y</IsActive>
                <IsTranslated>N</IsTranslated>
            </AD_InfoColumn_Trl>
        </AD_InfoColumn>
        <AD_InfoColumn type="table">
            <AD_Client_ID>0</AD_Client_ID>
            <AD_Org_ID>0</AD_Org_ID>
            <IsActive>Y</IsActive>
            <Name>DB Column Name</Name>
            <Description>Name of the column in the database</Description>
            <Help>The Column Name indicates the name of a column on a table as defined in the database.</Help>
            <AD_InfoWindow_ID reference="uuid" reference-key="AD_InfoWindow">1e4610d5-811a-4f7b-97ac-c24dec7279ca</AD_InfoWindow_ID>
            <EntityType>U</EntityType>
            <SelectClause>v.ColumnName</SelectClause>
            <SeqNo>60</SeqNo>
            <IsDisplayed>Y</IsDisplayed>
            <IsQueryCriteria>Y</IsQueryCriteria>
            <AD_Element_ID reference="id">228</AD_Element_ID>
            <AD_Reference_ID reference="id">10</AD_Reference_ID>
            <AD_InfoColumn_UU>df921fbc-1d46-40b9-a557-387998876b2c</AD_InfoColumn_UU>
            <AD_Reference_Value_ID reference="id"/>
            <AD_Val_Rule_ID reference="id"/>
            <IsCentrallyMaintained>Y</IsCentrallyMaintained>
            <DisplayLogic/>
            <ColumnName>ColumnName</ColumnName>
            <QueryOperator>Like</QueryOperator>
            <QueryFunction>Upper</QueryFunction>
            <IsIdentifier>N</IsIdentifier>
            <SeqNoSelection>0</SeqNoSelection>
            <DefaultValue/>
            <IsMandatory>N</IsMandatory>
            <IsKey>N</IsKey>
            <AD_InfoColumn_Trl type="translation">
                <Help>The Column Name indicates the name of a column on a table as defined in the database.</Help>
                <Name>DB Column Name</Name>
                <Description>Name of the column in the database</Description>
                <AD_Language>es_CO</AD_Language>
                <IsActive>Y</IsActive>
                <IsTranslated>N</IsTranslated>
            </AD_InfoColumn_Trl>
        </AD_InfoColumn>
        <AD_InfoColumn type="table">
            <AD_Client_ID>0</AD_Client_ID>
            <AD_Org_ID>0</AD_Org_ID>
            <IsActive>Y</IsActive>
            <Name>Name</Name>
            <Description>Alphanumeric identifier of the entity</Description>
            <Help>The name of an entity (record) is used as an default search option in addition to the search key. The name is up to 60 characters in length.</Help>
            <AD_InfoWindow_ID reference="uuid" reference-key="AD_InfoWindow">1e4610d5-811a-4f7b-97ac-c24dec7279ca</AD_InfoWindow_ID>
            <EntityType>U</EntityType>
            <SelectClause>c.name</SelectClause>
            <SeqNo>70</SeqNo>
            <IsDisplayed>Y</IsDisplayed>
            <IsQueryCriteria>N</IsQueryCriteria>
            <AD_Element_ID reference="id">469</AD_Element_ID>
            <AD_Reference_ID reference="id">10</AD_Reference_ID>
            <AD_InfoColumn_UU>b0ca1b8c-a40f-44fb-8ea2-091660e4bae0</AD_InfoColumn_UU>
            <AD_Reference_Value_ID reference="id"/>
            <AD_Val_Rule_ID reference="id"/>
            <IsCentrallyMaintained>Y</IsCentrallyMaintained>
            <DisplayLogic/>
            <ColumnName>Name</ColumnName>
            <QueryOperator>Like</QueryOperator>
            <QueryFunction>Upper</QueryFunction>
            <IsIdentifier>N</IsIdentifier>
            <SeqNoSelection>0</SeqNoSelection>
            <DefaultValue/>
            <IsMandatory>N</IsMandatory>
            <IsKey>N</IsKey>
            <AD_InfoColumn_Trl type="translation">
                <Help>The name of an entity (record) is used as an default search option in addition to the search key. The name is up to 60 characters in length.</Help>
                <Name>Name</Name>
                <Description>Alphanumeric identifier of the entity</Description>
                <AD_Language>es_CO</AD_Language>
                <IsActive>Y</IsActive>
                <IsTranslated>N</IsTranslated>
            </AD_InfoColumn_Trl>
        </AD_InfoColumn>
        <AD_InfoColumn type="table">
            <AD_Client_ID>0</AD_Client_ID>
            <AD_Org_ID>0</AD_Org_ID>
            <IsActive>Y</IsActive>
            <Name>Description</Name>
            <Description>Optional short description of the record</Description>
            <Help>A description is limited to 255 characters.</Help>
            <AD_InfoWindow_ID reference="uuid" reference-key="AD_InfoWindow">1e4610d5-811a-4f7b-97ac-c24dec7279ca</AD_InfoWindow_ID>
            <EntityType>U</EntityType>
            <SelectClause>c.description</SelectClause>
            <SeqNo>80</SeqNo>
            <IsDisplayed>Y</IsDisplayed>
            <IsQueryCriteria>N</IsQueryCriteria>
            <AD_Element_ID reference="id">275</AD_Element_ID>
            <AD_Reference_ID reference="id">10</AD_Reference_ID>
            <AD_InfoColumn_UU>5ec65ecc-9114-41e9-9228-2c3a496f72c9</AD_InfoColumn_UU>
            <AD_Reference_Value_ID reference="id"/>
            <AD_Val_Rule_ID reference="id"/>
            <IsCentrallyMaintained>Y</IsCentrallyMaintained>
            <DisplayLogic/>
            <ColumnName>Description</ColumnName>
            <QueryOperator>Like</QueryOperator>
            <QueryFunction>Upper</QueryFunction>
            <IsIdentifier>N</IsIdentifier>
            <SeqNoSelection>0</SeqNoSelection>
            <DefaultValue/>
            <IsMandatory>N</IsMandatory>
            <IsKey>N</IsKey>
            <AD_InfoColumn_Trl type="translation">
                <Help>A description is limited to 255 characters.</Help>
                <Name>Description</Name>
                <Description>Optional short description of the record</Description>
                <AD_Language>es_CO</AD_Language>
                <IsActive>Y</IsActive>
                <IsTranslated>N</IsTranslated>
            </AD_InfoColumn_Trl>
        </AD_InfoColumn>
        <AD_InfoColumn type="table">
            <AD_Client_ID>0</AD_Client_ID>
            <AD_Org_ID>0</AD_Org_ID>
            <IsActive>Y</IsActive>
            <Name>Comment/Help</Name>
            <Description>Comment or Hint</Description>
            <Help>The Help field contains a hint, comment or help about the use of this item.</Help>
            <AD_InfoWindow_ID reference="uuid" reference-key="AD_InfoWindow">1e4610d5-811a-4f7b-97ac-c24dec7279ca</AD_InfoWindow_ID>
            <EntityType>U</EntityType>
            <SelectClause>c.help</SelectClause>
            <SeqNo>90</SeqNo>
            <IsDisplayed>Y</IsDisplayed>
            <IsQueryCriteria>N</IsQueryCriteria>
            <AD_Element_ID reference="id">326</AD_Element_ID>
            <AD_Reference_ID reference="id">10</AD_Reference_ID>
            <AD_InfoColumn_UU>4f9c1200-d6bc-4ee4-9218-d94be80989f1</AD_InfoColumn_UU>
            <AD_Reference_Value_ID reference="id"/>
            <AD_Val_Rule_ID reference="id"/>
            <IsCentrallyMaintained>Y</IsCentrallyMaintained>
            <DisplayLogic/>
            <ColumnName>Help</ColumnName>
            <QueryOperator>Like</QueryOperator>
            <QueryFunction>Upper</QueryFunction>
            <IsIdentifier>N</IsIdentifier>
            <SeqNoSelection>0</SeqNoSelection>
            <DefaultValue/>
            <IsMandatory>N</IsMandatory>
            <IsKey>N</IsKey>
            <AD_InfoColumn_Trl type="translation">
                <Help>The Help field contains a hint, comment or help about the use of this item.</Help>
                <Name>Comment/Help</Name>
                <Description>Comment or Hint</Description>
                <AD_Language>es_CO</AD_Language>
                <IsActive>Y</IsActive>
                <IsTranslated>N</IsTranslated>
            </AD_InfoColumn_Trl>
        </AD_InfoColumn>
        <AD_InfoColumn type="table">
            <AD_Client_ID>0</AD_Client_ID>
            <AD_Org_ID>0</AD_Org_ID>
            <IsActive>Y</IsActive>
            <Name>Translated</Name>
            <Description>This column is translated</Description>
            <Help>The Translated checkbox indicates if this column is translated.</Help>
            <AD_InfoWindow_ID reference="uuid" reference-key="AD_InfoWindow">1e4610d5-811a-4f7b-97ac-c24dec7279ca</AD_InfoWindow_ID>
            <EntityType>U</EntityType>
            <SelectClause>v.IsTranslated</SelectClause>
            <SeqNo>100</SeqNo>
            <IsDisplayed>Y</IsDisplayed>
            <IsQueryCriteria>N</IsQueryCriteria>
            <AD_Element_ID reference="id">420</AD_Element_ID>
            <AD_Reference_ID reference="id">20</AD_Reference_ID>
            <AD_InfoColumn_UU>6c710b6e-6926-4052-b606-2cea8248ea81</AD_InfoColumn_UU>
            <AD_Reference_Value_ID reference="id"/>
            <AD_Val_Rule_ID reference="id"/>
            <IsCentrallyMaintained>Y</IsCentrallyMaintained>
            <DisplayLogic/>
            <ColumnName>IsTranslated</ColumnName>
            <QueryOperator/>
            <QueryFunction/>
            <IsIdentifier>N</IsIdentifier>
            <SeqNoSelection>0</SeqNoSelection>
            <DefaultValue/>
            <IsMandatory>N</IsMandatory>
            <IsKey>N</IsKey>
            <AD_InfoColumn_Trl type="translation">
                <Help>The Translated checkbox indicates if this column is translated.</Help>
                <Name>Translated</Name>
                <Description>This column is translated</Description>
                <AD_Language>es_CO</AD_Language>
                <IsActive>Y</IsActive>
                <IsTranslated>N</IsTranslated>
            </AD_InfoColumn_Trl>
        </AD_InfoColumn>
        <AD_InfoColumn type="table">
            <AD_Client_ID>0</AD_Client_ID>
            <AD_Org_ID>0</AD_Org_ID>
            <IsActive>Y</IsActive>
            <Name>DB Table Name</Name>
            <Description>Name of the table in the database</Description>
            <Help>The DB Table Name indicates the name of the table in database.</Help>
            <AD_InfoWindow_ID reference="uuid" reference-key="AD_InfoWindow">1e4610d5-811a-4f7b-97ac-c24dec7279ca</AD_InfoWindow_ID>
            <EntityType>U</EntityType>
            <SelectClause>v.TableName</SelectClause>
            <SeqNo>20</SeqNo>
            <IsDisplayed>Y</IsDisplayed>
            <IsQueryCriteria>Y</IsQueryCriteria>
            <AD_Element_ID reference="id">587</AD_Element_ID>
            <AD_Reference_ID reference="id">10</AD_Reference_ID>
            <AD_InfoColumn_UU>ae9ea68f-9fd1-406d-b3d4-7115188e7852</AD_InfoColumn_UU>
            <AD_Reference_Value_ID reference="id"/>
            <AD_Val_Rule_ID reference="id"/>
            <IsCentrallyMaintained>Y</IsCentrallyMaintained>
            <DisplayLogic/>
            <ColumnName>TableName</ColumnName>
            <QueryOperator>Like</QueryOperator>
            <QueryFunction>Upper</QueryFunction>
            <IsIdentifier>Y</IsIdentifier>
            <SeqNoSelection>0</SeqNoSelection>
            <DefaultValue/>
            <IsMandatory>N</IsMandatory>
            <IsKey>N</IsKey>
            <AD_InfoColumn_Trl type="translation">
                <Help>The DB Table Name indicates the name of the table in database.</Help>
                <Name>DB Table Name</Name>
                <Description>Name of the table in the database</Description>
                <AD_Language>es_CO</AD_Language>
                <IsActive>Y</IsActive>
                <IsTranslated>N</IsTranslated>
            </AD_InfoColumn_Trl>
        </AD_InfoColumn>
        <AD_InfoColumn type="table">
            <AD_Client_ID>0</AD_Client_ID>
            <AD_Org_ID>0</AD_Org_ID>
            <IsActive>Y</IsActive>
            <Name>Language ID</Name>
            <Description/>
            <Help/>
            <AD_InfoWindow_ID reference="uuid" reference-key="AD_InfoWindow">1e4610d5-811a-4f7b-97ac-c24dec7279ca</AD_InfoWindow_ID>
            <EntityType>U</EntityType>
            <SelectClause>v.AD_Language_ID</SelectClause>
            <SeqNo>110</SeqNo>
            <IsDisplayed>Y</IsDisplayed>
            <IsQueryCriteria>N</IsQueryCriteria>
            <AD_Element_ID reference="id">2159</AD_Element_ID>
            <AD_Reference_ID reference="id">19</AD_Reference_ID>
            <AD_InfoColumn_UU>a9589b27-6f79-4e32-817b-7eae373a0a95</AD_InfoColumn_UU>
            <AD_Reference_Value_ID reference="id"/>
            <AD_Val_Rule_ID reference="id"/>
            <IsCentrallyMaintained>Y</IsCentrallyMaintained>
            <DisplayLogic/>
            <ColumnName>AD_Language_ID</ColumnName>
            <QueryOperator/>
            <QueryFunction/>
            <IsIdentifier>N</IsIdentifier>
            <SeqNoSelection>0</SeqNoSelection>
            <DefaultValue/>
            <IsMandatory>N</IsMandatory>
            <IsKey>N</IsKey>
            <AD_InfoColumn_Trl type="translation">
                <Help/>
                <Name>Language ID</Name>
                <Description/>
                <AD_Language>es_CO</AD_Language>
                <IsActive>Y</IsActive>
                <IsTranslated>N</IsTranslated>
            </AD_InfoColumn_Trl>
        </AD_InfoColumn>
        <AD_InfoColumn type="table">
            <AD_Client_ID>0</AD_Client_ID>
            <AD_Org_ID>0</AD_Org_ID>
            <IsActive>Y</IsActive>
            <Name>term_id</Name>
            <Description/>
            <Help/>
            <AD_InfoWindow_ID reference="uuid" reference-key="AD_InfoWindow">1e4610d5-811a-4f7b-97ac-c24dec7279ca</AD_InfoWindow_ID>
            <EntityType>U</EntityType>
            <SelectClause>v.term_id</SelectClause>
            <SeqNo>10</SeqNo>
            <IsDisplayed>Y</IsDisplayed>
            <IsQueryCriteria>N</IsQueryCriteria>
            <AD_Element_ID reference="uuid" reference-key="AD_Element">40dff1da-c101-48de-bfad-fad3cb8a716d</AD_Element_ID>
            <AD_Reference_ID reference="id">11</AD_Reference_ID>
            <AD_InfoColumn_UU>0e948655-cffc-458a-92ec-80e120b94726</AD_InfoColumn_UU>
            <AD_Reference_Value_ID reference="id"/>
            <AD_Val_Rule_ID reference="id"/>
            <IsCentrallyMaintained>Y</IsCentrallyMaintained>
            <DisplayLogic/>
            <ColumnName>term_id</ColumnName>
            <QueryOperator>=</QueryOperator>
            <QueryFunction/>
            <IsIdentifier>N</IsIdentifier>
            <SeqNoSelection>0</SeqNoSelection>
            <DefaultValue/>
            <IsMandatory>N</IsMandatory>
            <IsKey>N</IsKey>
            <AD_InfoColumn_Trl type="translation">
                <Help/>
                <Name>term_id</Name>
                <Description/>
                <AD_Language>es_CO</AD_Language>
                <IsActive>Y</IsActive>
                <IsTranslated>N</IsTranslated>
            </AD_InfoColumn_Trl>
        </AD_InfoColumn>
        <AD_InfoColumn type="table">
            <AD_Client_ID>0</AD_Client_ID>
            <AD_Org_ID>0</AD_Org_ID>
            <IsActive>Y</IsActive>
            <Name>Not Translated</Name>
            <Description>This column is not translated</Description>
            <Help>The Translated checkbox indicates if this column is translated.</Help>
            <AD_InfoWindow_ID reference="uuid" reference-key="AD_InfoWindow">1e4610d5-811a-4f7b-97ac-c24dec7279ca</AD_InfoWindow_ID>
            <EntityType>U</EntityType>
            <SelectClause>v.IsTranslated</SelectClause>
            <SeqNo>120</SeqNo>
            <IsDisplayed>Y</IsDisplayed>
            <IsQueryCriteria>N</IsQueryCriteria>
            <AD_Element_ID reference="id">420</AD_Element_ID>
            <AD_Reference_ID reference="id">20</AD_Reference_ID>
            <AD_InfoColumn_UU>e9984171-59c1-4e0b-9565-18cfd555e945</AD_InfoColumn_UU>
            <AD_Reference_Value_ID reference="id"/>
            <AD_Val_Rule_ID reference="id"/>
            <IsCentrallyMaintained>Y</IsCentrallyMaintained>
            <DisplayLogic/>
            <ColumnName>IsTranslated</ColumnName>
            <QueryOperator/>
            <QueryFunction/>
            <IsIdentifier>N</IsIdentifier>
            <SeqNoSelection>0</SeqNoSelection>
            <DefaultValue/>
            <IsMandatory>N</IsMandatory>
            <IsKey>N</IsKey>
            <AD_InfoColumn_Trl type="translation">
                <Help>The Translated checkbox indicates if this column is translated.</Help>
                <Name>Translated</Name>
                <Description>This column is translated</Description>
                <AD_Language>es_CO</AD_Language>
                <IsActive>Y</IsActive>
                <IsTranslated>N</IsTranslated>
            </AD_InfoColumn_Trl>
        </AD_InfoColumn>
        <AD_InfoWindow_Access type="table">
            <AD_Client_ID>0</AD_Client_ID>
            <AD_Org_ID>0</AD_Org_ID>
            <IsActive>Y</IsActive>
            <AD_InfoWindow_Access_UU>f9889765-4487-4586-80d1-cf0c45010cba</AD_InfoWindow_Access_UU>
            <AD_Role_ID reference="id">0</AD_Role_ID>
            <AD_InfoWindow_ID reference="uuid" reference-key="AD_InfoWindow">1e4610d5-811a-4f7b-97ac-c24dec7279ca</AD_InfoWindow_ID>
        </AD_InfoWindow_Access>
    </AD_InfoWindow>
</idempiere>
