<?xml version="1.0" encoding="UTF-8"?><idempiere Name="TranslationInfoTables" Version="1.0.0" idempiereVersion="" DataBaseVersion="" Description="bocanova" Author="" AuthorEmail="" CreatedDate="2016-12-23 14:16:33.169" UpdatedDate="2016-12-23 14:16:33.169" PackOutVersion="100" UpdateDictionary="false" Client="0-SYSTEM-System" AD_Client_UU="11237b53-9592-4af1-b3c5-afd216514b5d">
    <AD_Table type="table">
        <AD_Client_ID>0</AD_Client_ID>
        <AD_Org_ID>0</AD_Org_ID>
        <Name>BOC_Translation_TxC_v</Name>
        <Description>Table x Column view for Translation view</Description>
        <Help/>
        <AD_Window_ID reference="id"/>
        <AD_Val_Rule_ID reference="id"/>
        <TableName>BOC_Translation_TxC_v</TableName>
        <LoadSeq>0</LoadSeq>
        <AccessLevel>4</AccessLevel>
        <IsActive>Y</IsActive>
        <IsSecurityEnabled>N</IsSecurityEnabled>
        <IsDeleteable>N</IsDeleteable>
        <IsHighVolume>N</IsHighVolume>
        <IsView>Y</IsView>
        <EntityType>U</EntityType>
        <ImportTable>N</ImportTable>
        <IsChangeLog>N</IsChangeLog>
        <ReplicationType>L</ReplicationType>
        <PO_Window_ID reference="id"/>
        <CopyColumnsFromTable>N</CopyColumnsFromTable>
        <IsCentrallyMaintained>Y</IsCentrallyMaintained>
        <AD_Table_UU>baba3c0d-7c5f-4339-a573-d134696fe773</AD_Table_UU>
        <Processing>N</Processing>
        <DatabaseViewDrop>N</DatabaseViewDrop>
        <CopyComponentsFromView>N</CopyComponentsFromView>
        <AD_Column type="table">
            <IsSyncDatabase>Y</IsSyncDatabase>
            <AD_Table_ID reference="uuid" reference-key="AD_Table">baba3c0d-7c5f-4339-a573-d134696fe773</AD_Table_ID>
            <AD_Reference_Value_ID reference="id"/>
            <AD_Client_ID>0</AD_Client_ID>
            <AD_Org_ID>0</AD_Org_ID>
            <Version>0.0</Version>
            <Name>Table</Name>
            <Description>Database Table information</Description>
            <Help>The Database Table provides the information of the table definition</Help>
            <AD_Val_Rule_ID reference="id"/>
            <ColumnName>AD_Table_ID</ColumnName>
            <DefaultValue/>
            <FieldLength>10</FieldLength>
            <IsKey>N</IsKey>
            <IsParent>N</IsParent>
            <IsMandatory>N</IsMandatory>
            <IsTranslated>N</IsTranslated>
            <IsIdentifier>N</IsIdentifier>
            <SeqNo/>
            <IsEncrypted>N</IsEncrypted>
            <AD_Reference_ID reference="id">19</AD_Reference_ID>
            <IsActive>Y</IsActive>
            <VFormat/>
            <Callout/>
            <AD_Element_ID reference="id">126</AD_Element_ID>
            <IsUpdateable>N</IsUpdateable>
            <AD_Process_ID reference="id"/>
            <ValueMin/>
            <ValueMax/>
            <IsSelectionColumn>N</IsSelectionColumn>
            <ReadOnlyLogic/>
            <EntityType>U</EntityType>
            <IsAlwaysUpdateable>N</IsAlwaysUpdateable>
            <ColumnSQL/>
            <MandatoryLogic/>
            <IsAutocomplete>N</IsAutocomplete>
            <IsAllowLogging>Y</IsAllowLogging>
            <FormatPattern/>
            <AD_Chart_ID reference="id"/>
            <AD_Column_UU>cb136cb9-b97c-496a-b3b0-b2a3d9b0934b</AD_Column_UU>
            <IsAllowCopy>Y</IsAllowCopy>
            <SeqNoSelection/>
            <IsToolbarButton>N</IsToolbarButton>
            <IsSecure>N</IsSecure>
            <FKConstraintName/>
            <FKConstraintType>N</FKConstraintType>
        </AD_Column>
        <AD_Column type="table">
            <IsSyncDatabase>Y</IsSyncDatabase>
            <AD_Table_ID reference="uuid" reference-key="AD_Table">baba3c0d-7c5f-4339-a573-d134696fe773</AD_Table_ID>
            <AD_Reference_Value_ID reference="id"/>
            <AD_Client_ID>0</AD_Client_ID>
            <AD_Org_ID>0</AD_Org_ID>
            <Version>0.0</Version>
            <Name>DB Table Name</Name>
            <Description>Name of the table in the database</Description>
            <Help>The DB Table Name indicates the name of the table in database.</Help>
            <AD_Val_Rule_ID reference="id"/>
            <ColumnName>TableName</ColumnName>
            <DefaultValue/>
            <FieldLength>40</FieldLength>
            <IsKey>N</IsKey>
            <IsParent>N</IsParent>
            <IsMandatory>N</IsMandatory>
            <IsTranslated>N</IsTranslated>
            <IsIdentifier>Y</IsIdentifier>
            <SeqNo/>
            <IsEncrypted>N</IsEncrypted>
            <AD_Reference_ID reference="id">10</AD_Reference_ID>
            <IsActive>Y</IsActive>
            <VFormat/>
            <Callout/>
            <AD_Element_ID reference="id">587</AD_Element_ID>
            <IsUpdateable>N</IsUpdateable>
            <AD_Process_ID reference="id"/>
            <ValueMin/>
            <ValueMax/>
            <IsSelectionColumn>Y</IsSelectionColumn>
            <ReadOnlyLogic/>
            <EntityType>U</EntityType>
            <IsAlwaysUpdateable>N</IsAlwaysUpdateable>
            <ColumnSQL/>
            <MandatoryLogic/>
            <IsAutocomplete>N</IsAutocomplete>
            <IsAllowLogging>Y</IsAllowLogging>
            <FormatPattern/>
            <AD_Chart_ID reference="id"/>
            <AD_Column_UU>e5b7b8d9-f83e-4504-b311-5024f8ef6286</AD_Column_UU>
            <IsAllowCopy>Y</IsAllowCopy>
            <SeqNoSelection/>
            <IsToolbarButton>N</IsToolbarButton>
            <IsSecure>N</IsSecure>
            <FKConstraintName/>
            <FKConstraintType>N</FKConstraintType>
        </AD_Column>
        <AD_Column type="table">
            <IsSyncDatabase>Y</IsSyncDatabase>
            <AD_Table_ID reference="uuid" reference-key="AD_Table">baba3c0d-7c5f-4339-a573-d134696fe773</AD_Table_ID>
            <AD_Reference_Value_ID reference="id"/>
            <AD_Client_ID>0</AD_Client_ID>
            <AD_Org_ID>0</AD_Org_ID>
            <Version>0.0</Version>
            <Name>Column</Name>
            <Description>Column in the table</Description>
            <Help>Link to the database column of the table</Help>
            <AD_Val_Rule_ID reference="id">100</AD_Val_Rule_ID>
            <ColumnName>AD_Column_ID</ColumnName>
            <DefaultValue/>
            <FieldLength>10</FieldLength>
            <IsKey>N</IsKey>
            <IsParent>N</IsParent>
            <IsMandatory>N</IsMandatory>
            <IsTranslated>N</IsTranslated>
            <IsIdentifier>N</IsIdentifier>
            <SeqNo/>
            <IsEncrypted>N</IsEncrypted>
            <AD_Reference_ID reference="id">19</AD_Reference_ID>
            <IsActive>Y</IsActive>
            <VFormat/>
            <Callout/>
            <AD_Element_ID reference="id">104</AD_Element_ID>
            <IsUpdateable>N</IsUpdateable>
            <AD_Process_ID reference="id"/>
            <ValueMin/>
            <ValueMax/>
            <IsSelectionColumn>N</IsSelectionColumn>
            <ReadOnlyLogic/>
            <EntityType>U</EntityType>
            <IsAlwaysUpdateable>N</IsAlwaysUpdateable>
            <ColumnSQL/>
            <MandatoryLogic/>
            <IsAutocomplete>N</IsAutocomplete>
            <IsAllowLogging>Y</IsAllowLogging>
            <FormatPattern/>
            <AD_Chart_ID reference="id"/>
            <AD_Column_UU>f252464b-b900-4f7a-ac39-1436e7419113</AD_Column_UU>
            <IsAllowCopy>Y</IsAllowCopy>
            <SeqNoSelection/>
            <IsToolbarButton>N</IsToolbarButton>
            <IsSecure>N</IsSecure>
            <FKConstraintName/>
            <FKConstraintType>N</FKConstraintType>
        </AD_Column>
        <AD_Column type="table">
            <IsSyncDatabase>Y</IsSyncDatabase>
            <AD_Table_ID reference="uuid" reference-key="AD_Table">baba3c0d-7c5f-4339-a573-d134696fe773</AD_Table_ID>
            <AD_Reference_Value_ID reference="id"/>
            <AD_Client_ID>0</AD_Client_ID>
            <AD_Org_ID>0</AD_Org_ID>
            <Version>0.0</Version>
            <Name>DB Column Name</Name>
            <Description>Name of the column in the database</Description>
            <Help>The Column Name indicates the name of a column on a table as defined in the database.</Help>
            <AD_Val_Rule_ID reference="id"/>
            <ColumnName>ColumnName</ColumnName>
            <DefaultValue/>
            <FieldLength>30</FieldLength>
            <IsKey>N</IsKey>
            <IsParent>N</IsParent>
            <IsMandatory>N</IsMandatory>
            <IsTranslated>N</IsTranslated>
            <IsIdentifier>N</IsIdentifier>
            <SeqNo/>
            <IsEncrypted>N</IsEncrypted>
            <AD_Reference_ID reference="id">10</AD_Reference_ID>
            <IsActive>Y</IsActive>
            <VFormat/>
            <Callout/>
            <AD_Element_ID reference="id">228</AD_Element_ID>
            <IsUpdateable>N</IsUpdateable>
            <AD_Process_ID reference="id"/>
            <ValueMin/>
            <ValueMax/>
            <IsSelectionColumn>Y</IsSelectionColumn>
            <ReadOnlyLogic/>
            <EntityType>U</EntityType>
            <IsAlwaysUpdateable>N</IsAlwaysUpdateable>
            <ColumnSQL/>
            <MandatoryLogic/>
            <IsAutocomplete>N</IsAutocomplete>
            <IsAllowLogging>Y</IsAllowLogging>
            <FormatPattern/>
            <AD_Chart_ID reference="id"/>
            <AD_Column_UU>8427b28d-e1e9-4979-840d-ae33bfd5d537</AD_Column_UU>
            <IsAllowCopy>Y</IsAllowCopy>
            <SeqNoSelection/>
            <IsToolbarButton>N</IsToolbarButton>
            <IsSecure>N</IsSecure>
            <FKConstraintName/>
            <FKConstraintType>N</FKConstraintType>
        </AD_Column>
        <AD_Column type="table">
            <IsSyncDatabase>Y</IsSyncDatabase>
            <AD_Table_ID reference="uuid" reference-key="AD_Table">baba3c0d-7c5f-4339-a573-d134696fe773</AD_Table_ID>
            <AD_Reference_Value_ID reference="id"/>
            <AD_Client_ID>0</AD_Client_ID>
            <AD_Org_ID>0</AD_Org_ID>
            <Version>0.0</Version>
            <Name>Active</Name>
            <Description>The record is active in the system</Description>
            <Help>There are two methods of making records unavailable in the system: One is to delete the record, the other is to de-activate the record. A de-activated record is not available for selection, but available for reports.
There are two reasons for de-activating and not deleting records:
(1) The system requires the record for audit purposes.
(2) The record is referenced by other records. E.g., you cannot delete a Business Partner, if there are invoices for this partner record existing. You de-activate the Business Partner and prevent that this record is used for future entries.</Help>
            <AD_Val_Rule_ID reference="id"/>
            <ColumnName>IsActive</ColumnName>
            <DefaultValue>Y</DefaultValue>
            <FieldLength>1</FieldLength>
            <IsKey>N</IsKey>
            <IsParent>N</IsParent>
            <IsMandatory>N</IsMandatory>
            <IsTranslated>N</IsTranslated>
            <IsIdentifier>N</IsIdentifier>
            <SeqNo/>
            <IsEncrypted>N</IsEncrypted>
            <AD_Reference_ID reference="id">20</AD_Reference_ID>
            <IsActive>Y</IsActive>
            <VFormat/>
            <Callout/>
            <AD_Element_ID reference="id">348</AD_Element_ID>
            <IsUpdateable>N</IsUpdateable>
            <AD_Process_ID reference="id"/>
            <ValueMin/>
            <ValueMax/>
            <IsSelectionColumn>N</IsSelectionColumn>
            <ReadOnlyLogic/>
            <EntityType>U</EntityType>
            <IsAlwaysUpdateable>N</IsAlwaysUpdateable>
            <ColumnSQL/>
            <MandatoryLogic/>
            <IsAutocomplete>N</IsAutocomplete>
            <IsAllowLogging>Y</IsAllowLogging>
            <FormatPattern/>
            <AD_Chart_ID reference="id"/>
            <AD_Column_UU>46d4fc82-c1f8-4333-ae39-3bd522a4d3c0</AD_Column_UU>
            <IsAllowCopy>N</IsAllowCopy>
            <SeqNoSelection/>
            <IsToolbarButton>N</IsToolbarButton>
            <IsSecure>N</IsSecure>
            <FKConstraintName/>
            <FKConstraintType>N</FKConstraintType>
        </AD_Column>
        <AD_Column type="table">
            <IsSyncDatabase>Y</IsSyncDatabase>
            <AD_Table_ID reference="uuid" reference-key="AD_Table">baba3c0d-7c5f-4339-a573-d134696fe773</AD_Table_ID>
            <AD_Reference_Value_ID reference="id"/>
            <AD_Client_ID>0</AD_Client_ID>
            <AD_Org_ID>0</AD_Org_ID>
            <Version>0.0</Version>
            <Name>Client</Name>
            <Description>Client/Tenant for this installation.</Description>
            <Help>A Client is a company or a legal entity. You cannot share data between Clients. Tenant is a synonym for Client.</Help>
            <AD_Val_Rule_ID reference="id">129</AD_Val_Rule_ID>
            <ColumnName>AD_Client_ID</ColumnName>
            <DefaultValue>@#AD_Client_ID@</DefaultValue>
            <FieldLength>10</FieldLength>
            <IsKey>N</IsKey>
            <IsParent>N</IsParent>
            <IsMandatory>N</IsMandatory>
            <IsTranslated>N</IsTranslated>
            <IsIdentifier>N</IsIdentifier>
            <SeqNo/>
            <IsEncrypted>N</IsEncrypted>
            <AD_Reference_ID reference="id">19</AD_Reference_ID>
            <IsActive>Y</IsActive>
            <VFormat/>
            <Callout/>
            <AD_Element_ID reference="id">102</AD_Element_ID>
            <IsUpdateable>N</IsUpdateable>
            <AD_Process_ID reference="id"/>
            <ValueMin/>
            <ValueMax/>
            <IsSelectionColumn>N</IsSelectionColumn>
            <ReadOnlyLogic/>
            <EntityType>U</EntityType>
            <IsAlwaysUpdateable>N</IsAlwaysUpdateable>
            <ColumnSQL/>
            <MandatoryLogic/>
            <IsAutocomplete>N</IsAutocomplete>
            <IsAllowLogging>Y</IsAllowLogging>
            <FormatPattern/>
            <AD_Chart_ID reference="id"/>
            <AD_Column_UU>03678015-4d7a-44bc-b68c-9cd6b6885f1a</AD_Column_UU>
            <IsAllowCopy>N</IsAllowCopy>
            <SeqNoSelection/>
            <IsToolbarButton>N</IsToolbarButton>
            <IsSecure>N</IsSecure>
            <FKConstraintName/>
            <FKConstraintType>D</FKConstraintType>
        </AD_Column>
        <AD_Column type="table">
            <IsSyncDatabase>Y</IsSyncDatabase>
            <AD_Table_ID reference="uuid" reference-key="AD_Table">baba3c0d-7c5f-4339-a573-d134696fe773</AD_Table_ID>
            <AD_Reference_Value_ID reference="id"/>
            <AD_Client_ID>0</AD_Client_ID>
            <AD_Org_ID>0</AD_Org_ID>
            <Version>0.0</Version>
            <Name>Organization</Name>
            <Description>Organizational entity within client</Description>
            <Help>An organization is a unit of your client or legal entity - examples are store, department. You can share data between organizations.</Help>
            <AD_Val_Rule_ID reference="id">104</AD_Val_Rule_ID>
            <ColumnName>AD_Org_ID</ColumnName>
            <DefaultValue>@#AD_Org_ID@</DefaultValue>
            <FieldLength>10</FieldLength>
            <IsKey>N</IsKey>
            <IsParent>N</IsParent>
            <IsMandatory>N</IsMandatory>
            <IsTranslated>N</IsTranslated>
            <IsIdentifier>N</IsIdentifier>
            <SeqNo/>
            <IsEncrypted>N</IsEncrypted>
            <AD_Reference_ID reference="id">19</AD_Reference_ID>
            <IsActive>Y</IsActive>
            <VFormat/>
            <Callout/>
            <AD_Element_ID reference="id">113</AD_Element_ID>
            <IsUpdateable>N</IsUpdateable>
            <AD_Process_ID reference="id"/>
            <ValueMin/>
            <ValueMax/>
            <IsSelectionColumn>N</IsSelectionColumn>
            <ReadOnlyLogic/>
            <EntityType>U</EntityType>
            <IsAlwaysUpdateable>N</IsAlwaysUpdateable>
            <ColumnSQL/>
            <MandatoryLogic/>
            <IsAutocomplete>N</IsAutocomplete>
            <IsAllowLogging>Y</IsAllowLogging>
            <FormatPattern/>
            <AD_Chart_ID reference="id"/>
            <AD_Column_UU>de654c65-a8bb-47a9-9ba2-99f747423144</AD_Column_UU>
            <IsAllowCopy>N</IsAllowCopy>
            <SeqNoSelection/>
            <IsToolbarButton>N</IsToolbarButton>
            <IsSecure>N</IsSecure>
            <FKConstraintName/>
            <FKConstraintType>D</FKConstraintType>
        </AD_Column>
        <AD_Element type="table">
            <AD_Client_ID>0</AD_Client_ID>
            <AD_Org_ID>0</AD_Org_ID>
            <IsActive>Y</IsActive>
            <ColumnName>tableintranslationiw</ColumnName>
            <Name>tableintranslationiw</Name>
            <Description/>
            <Help/>
            <PrintName>tableintranslationiw</PrintName>
            <PO_Description/>
            <PO_Help/>
            <PO_Name/>
            <PO_PrintName/>
            <EntityType>U</EntityType>
            <AD_Element_UU>78035d68-3a67-4321-93f3-6887167c1d83</AD_Element_UU>
            <AD_Element_Trl type="translation">
                <PrintName>tableintranslationiw</PrintName>
                <PO_Help/>
                <PO_Description/>
                <PO_PrintName/>
                <Description/>
                <Help/>
                <PO_Name/>
                <Name>tableintranslationiw</Name>
                <AD_Language>es_CO</AD_Language>
                <IsActive>Y</IsActive>
                <IsTranslated>N</IsTranslated>
            </AD_Element_Trl>
        </AD_Element>
        <AD_Column type="table">
            <IsSyncDatabase>Y</IsSyncDatabase>
            <AD_Table_ID reference="uuid" reference-key="AD_Table">baba3c0d-7c5f-4339-a573-d134696fe773</AD_Table_ID>
            <AD_Reference_Value_ID reference="id"/>
            <AD_Client_ID>0</AD_Client_ID>
            <AD_Org_ID>0</AD_Org_ID>
            <Version>0.0</Version>
            <Name>tableintranslationiw</Name>
            <Description/>
            <Help/>
            <AD_Val_Rule_ID reference="id"/>
            <ColumnName>tableintranslationiw</ColumnName>
            <DefaultValue/>
            <FieldLength>1</FieldLength>
            <IsKey>N</IsKey>
            <IsParent>N</IsParent>
            <IsMandatory>N</IsMandatory>
            <IsTranslated>N</IsTranslated>
            <IsIdentifier>N</IsIdentifier>
            <SeqNo/>
            <IsEncrypted>N</IsEncrypted>
            <AD_Reference_ID reference="id">20</AD_Reference_ID>
            <IsActive>Y</IsActive>
            <VFormat/>
            <Callout/>
            <AD_Element_ID reference="uuid" reference-key="AD_Element">78035d68-3a67-4321-93f3-6887167c1d83</AD_Element_ID>
            <IsUpdateable>N</IsUpdateable>
            <AD_Process_ID reference="id"/>
            <ValueMin/>
            <ValueMax/>
            <IsSelectionColumn>N</IsSelectionColumn>
            <ReadOnlyLogic/>
            <EntityType>U</EntityType>
            <IsAlwaysUpdateable>N</IsAlwaysUpdateable>
            <ColumnSQL/>
            <MandatoryLogic/>
            <IsAutocomplete>N</IsAutocomplete>
            <IsAllowLogging>Y</IsAllowLogging>
            <FormatPattern/>
            <AD_Chart_ID reference="id"/>
            <AD_Column_UU>90b6a703-0a67-4e58-91ed-7b837dd3ed07</AD_Column_UU>
            <IsAllowCopy>Y</IsAllowCopy>
            <SeqNoSelection/>
            <IsToolbarButton>N</IsToolbarButton>
            <IsSecure>N</IsSecure>
            <FKConstraintName/>
            <FKConstraintType>N</FKConstraintType>
        </AD_Column>
        <AD_Element type="table">
            <AD_Client_ID>0</AD_Client_ID>
            <AD_Org_ID>0</AD_Org_ID>
            <IsActive>Y</IsActive>
            <ColumnName>columnintranslationiw</ColumnName>
            <Name>columnintranslationiw</Name>
            <Description/>
            <Help/>
            <PrintName>columnintranslationiw</PrintName>
            <PO_Description/>
            <PO_Help/>
            <PO_Name/>
            <PO_PrintName/>
            <EntityType>U</EntityType>
            <AD_Element_UU>08442974-26b1-4d94-b26d-19c5a6979490</AD_Element_UU>
            <AD_Element_Trl type="translation">
                <PrintName>columnintranslationiw</PrintName>
                <PO_Help/>
                <PO_Description/>
                <PO_PrintName/>
                <Description/>
                <Help/>
                <PO_Name/>
                <Name>columnintranslationiw</Name>
                <AD_Language>es_CO</AD_Language>
                <IsActive>Y</IsActive>
                <IsTranslated>N</IsTranslated>
            </AD_Element_Trl>
        </AD_Element>
        <AD_Column type="table">
            <IsSyncDatabase>Y</IsSyncDatabase>
            <AD_Table_ID reference="uuid" reference-key="AD_Table">baba3c0d-7c5f-4339-a573-d134696fe773</AD_Table_ID>
            <AD_Reference_Value_ID reference="id"/>
            <AD_Client_ID>0</AD_Client_ID>
            <AD_Org_ID>0</AD_Org_ID>
            <Version>0.0</Version>
            <Name>columnintranslationiw</Name>
            <Description/>
            <Help/>
            <AD_Val_Rule_ID reference="id"/>
            <ColumnName>columnintranslationiw</ColumnName>
            <DefaultValue/>
            <FieldLength>1</FieldLength>
            <IsKey>N</IsKey>
            <IsParent>N</IsParent>
            <IsMandatory>N</IsMandatory>
            <IsTranslated>N</IsTranslated>
            <IsIdentifier>N</IsIdentifier>
            <SeqNo/>
            <IsEncrypted>N</IsEncrypted>
            <AD_Reference_ID reference="id">20</AD_Reference_ID>
            <IsActive>Y</IsActive>
            <VFormat/>
            <Callout/>
            <AD_Element_ID reference="uuid" reference-key="AD_Element">08442974-26b1-4d94-b26d-19c5a6979490</AD_Element_ID>
            <IsUpdateable>N</IsUpdateable>
            <AD_Process_ID reference="id"/>
            <ValueMin/>
            <ValueMax/>
            <IsSelectionColumn>N</IsSelectionColumn>
            <ReadOnlyLogic/>
            <EntityType>U</EntityType>
            <IsAlwaysUpdateable>N</IsAlwaysUpdateable>
            <ColumnSQL/>
            <MandatoryLogic/>
            <IsAutocomplete>N</IsAutocomplete>
            <IsAllowLogging>Y</IsAllowLogging>
            <FormatPattern/>
            <AD_Chart_ID reference="id"/>
            <AD_Column_UU>3d48d09e-2d75-41ef-9dc5-c559a5987fd8</AD_Column_UU>
            <IsAllowCopy>Y</IsAllowCopy>
            <SeqNoSelection/>
            <IsToolbarButton>N</IsToolbarButton>
            <IsSecure>N</IsSecure>
            <FKConstraintName/>
            <FKConstraintType>N</FKConstraintType>
        </AD_Column>
    </AD_Table>
    <AD_Table type="table">
        <AD_Client_ID>0</AD_Client_ID>
        <AD_Org_ID>0</AD_Org_ID>
        <Name>BOC_Translation_v</Name>
        <Description>Translation view for Translation Info</Description>
        <Help/>
        <AD_Window_ID reference="id"/>
        <AD_Val_Rule_ID reference="id"/>
        <TableName>BOC_Translation_v</TableName>
        <LoadSeq>0</LoadSeq>
        <AccessLevel>4</AccessLevel>
        <IsActive>Y</IsActive>
        <IsSecurityEnabled>N</IsSecurityEnabled>
        <IsDeleteable>N</IsDeleteable>
        <IsHighVolume>N</IsHighVolume>
        <IsView>Y</IsView>
        <EntityType>U</EntityType>
        <ImportTable>N</ImportTable>
        <IsChangeLog>N</IsChangeLog>
        <ReplicationType>L</ReplicationType>
        <PO_Window_ID reference="id"/>
        <CopyColumnsFromTable>N</CopyColumnsFromTable>
        <IsCentrallyMaintained>Y</IsCentrallyMaintained>
        <AD_Table_UU>ea91093c-3f9d-4a1b-bac6-eb6cea9cae68</AD_Table_UU>
        <Processing>N</Processing>
        <DatabaseViewDrop>N</DatabaseViewDrop>
        <CopyComponentsFromView>N</CopyComponentsFromView>
        <AD_Element type="table">
            <AD_Client_ID>0</AD_Client_ID>
            <AD_Org_ID>0</AD_Org_ID>
            <IsActive>Y</IsActive>
            <ColumnName>BOC_Translation_v_ID</ColumnName>
            <Name>BOC_Translation_v</Name>
            <Description/>
            <Help/>
            <PrintName>BOC_Translation_v</PrintName>
            <PO_Description/>
            <PO_Help/>
            <PO_Name/>
            <PO_PrintName/>
            <EntityType>U</EntityType>
            <AD_Element_UU>60df9360-c9d7-4bc7-8a2c-2cf3047d03fb</AD_Element_UU>
            <AD_Element_Trl type="translation">
                <PrintName>BOC_Translation_v</PrintName>
                <PO_Help/>
                <PO_Description/>
                <PO_PrintName/>
                <Description/>
                <Help/>
                <PO_Name/>
                <Name>BOC_Translation_v</Name>
                <AD_Language>es_CO</AD_Language>
                <IsActive>Y</IsActive>
                <IsTranslated>N</IsTranslated>
            </AD_Element_Trl>
        </AD_Element>
        <AD_Column type="table">
            <IsSyncDatabase>Y</IsSyncDatabase>
            <AD_Table_ID reference="uuid" reference-key="AD_Table">ea91093c-3f9d-4a1b-bac6-eb6cea9cae68</AD_Table_ID>
            <AD_Reference_Value_ID reference="id"/>
            <AD_Client_ID>0</AD_Client_ID>
            <AD_Org_ID>0</AD_Org_ID>
            <Version>0.0</Version>
            <Name>BOC_Translation_v</Name>
            <Description/>
            <Help/>
            <AD_Val_Rule_ID reference="id"/>
            <ColumnName>BOC_Translation_v_ID</ColumnName>
            <DefaultValue/>
            <FieldLength>10</FieldLength>
            <IsKey>Y</IsKey>
            <IsParent>N</IsParent>
            <IsMandatory>N</IsMandatory>
            <IsTranslated>N</IsTranslated>
            <IsIdentifier>N</IsIdentifier>
            <SeqNo/>
            <IsEncrypted>N</IsEncrypted>
            <AD_Reference_ID reference="id">13</AD_Reference_ID>
            <IsActive>Y</IsActive>
            <VFormat/>
            <Callout/>
            <AD_Element_ID reference="uuid" reference-key="AD_Element">60df9360-c9d7-4bc7-8a2c-2cf3047d03fb</AD_Element_ID>
            <IsUpdateable>N</IsUpdateable>
            <AD_Process_ID reference="id"/>
            <ValueMin/>
            <ValueMax/>
            <IsSelectionColumn>N</IsSelectionColumn>
            <ReadOnlyLogic/>
            <EntityType>U</EntityType>
            <IsAlwaysUpdateable>N</IsAlwaysUpdateable>
            <ColumnSQL/>
            <MandatoryLogic/>
            <IsAutocomplete>N</IsAutocomplete>
            <IsAllowLogging>Y</IsAllowLogging>
            <FormatPattern/>
            <AD_Chart_ID reference="id"/>
            <AD_Column_UU>e9264e7c-32c0-43fc-aba8-f4df127a7729</AD_Column_UU>
            <IsAllowCopy>Y</IsAllowCopy>
            <SeqNoSelection/>
            <IsToolbarButton>N</IsToolbarButton>
            <IsSecure>N</IsSecure>
            <FKConstraintName/>
            <FKConstraintType>N</FKConstraintType>
        </AD_Column>
        <AD_Element type="table">
            <AD_Client_ID>0</AD_Client_ID>
            <AD_Org_ID>0</AD_Org_ID>
            <IsActive>Y</IsActive>
            <ColumnName>term_id</ColumnName>
            <Name>term_id</Name>
            <Description/>
            <Help/>
            <PrintName>term_id</PrintName>
            <PO_Description/>
            <PO_Help/>
            <PO_Name/>
            <PO_PrintName/>
            <EntityType>U</EntityType>
            <AD_Element_UU>40dff1da-c101-48de-bfad-fad3cb8a716d</AD_Element_UU>
            <AD_Element_Trl type="translation">
                <PrintName>term_id</PrintName>
                <PO_Help/>
                <PO_Description/>
                <PO_PrintName/>
                <Description/>
                <Help/>
                <PO_Name/>
                <Name>term_id</Name>
                <AD_Language>es_CO</AD_Language>
                <IsActive>Y</IsActive>
                <IsTranslated>N</IsTranslated>
            </AD_Element_Trl>
        </AD_Element>
        <AD_Column type="table">
            <IsSyncDatabase>Y</IsSyncDatabase>
            <AD_Table_ID reference="uuid" reference-key="AD_Table">ea91093c-3f9d-4a1b-bac6-eb6cea9cae68</AD_Table_ID>
            <AD_Reference_Value_ID reference="id"/>
            <AD_Client_ID>0</AD_Client_ID>
            <AD_Org_ID>0</AD_Org_ID>
            <Version>0.0</Version>
            <Name>term_id</Name>
            <Description/>
            <Help/>
            <AD_Val_Rule_ID reference="id"/>
            <ColumnName>term_id</ColumnName>
            <DefaultValue/>
            <FieldLength>10</FieldLength>
            <IsKey>N</IsKey>
            <IsParent>N</IsParent>
            <IsMandatory>N</IsMandatory>
            <IsTranslated>N</IsTranslated>
            <IsIdentifier>N</IsIdentifier>
            <SeqNo/>
            <IsEncrypted>N</IsEncrypted>
            <AD_Reference_ID reference="id">13</AD_Reference_ID>
            <IsActive>Y</IsActive>
            <VFormat/>
            <Callout/>
            <AD_Element_ID reference="uuid" reference-key="AD_Element">40dff1da-c101-48de-bfad-fad3cb8a716d</AD_Element_ID>
            <IsUpdateable>N</IsUpdateable>
            <AD_Process_ID reference="id"/>
            <ValueMin/>
            <ValueMax/>
            <IsSelectionColumn>N</IsSelectionColumn>
            <ReadOnlyLogic/>
            <EntityType>U</EntityType>
            <IsAlwaysUpdateable>N</IsAlwaysUpdateable>
            <ColumnSQL/>
            <MandatoryLogic/>
            <IsAutocomplete>N</IsAutocomplete>
            <IsAllowLogging>Y</IsAllowLogging>
            <FormatPattern/>
            <AD_Chart_ID reference="id"/>
            <AD_Column_UU>e7d38c99-0335-4820-a263-7c3f98410de1</AD_Column_UU>
            <IsAllowCopy>Y</IsAllowCopy>
            <SeqNoSelection/>
            <IsToolbarButton>N</IsToolbarButton>
            <IsSecure>N</IsSecure>
            <FKConstraintName/>
            <FKConstraintType/>
        </AD_Column>
        <AD_Element type="table">
            <AD_Client_ID>0</AD_Client_ID>
            <AD_Org_ID>0</AD_Org_ID>
            <IsActive>Y</IsActive>
            <ColumnName>original</ColumnName>
            <Name>original</Name>
            <Description/>
            <Help/>
            <PrintName>original</PrintName>
            <PO_Description/>
            <PO_Help/>
            <PO_Name/>
            <PO_PrintName/>
            <EntityType>U</EntityType>
            <AD_Element_UU>bf2be1e3-c171-4702-8eb8-bed0c6085746</AD_Element_UU>
            <AD_Element_Trl type="translation">
                <PrintName>original</PrintName>
                <PO_Help/>
                <PO_Description/>
                <PO_PrintName/>
                <Description/>
                <Help/>
                <PO_Name/>
                <Name>original</Name>
                <AD_Language>es_CO</AD_Language>
                <IsActive>Y</IsActive>
                <IsTranslated>N</IsTranslated>
            </AD_Element_Trl>
        </AD_Element>
        <AD_Column type="table">
            <IsSyncDatabase>Y</IsSyncDatabase>
            <AD_Table_ID reference="uuid" reference-key="AD_Table">ea91093c-3f9d-4a1b-bac6-eb6cea9cae68</AD_Table_ID>
            <AD_Reference_Value_ID reference="id"/>
            <AD_Client_ID>0</AD_Client_ID>
            <AD_Org_ID>0</AD_Org_ID>
            <Version>0.0</Version>
            <Name>original</Name>
            <Description/>
            <Help/>
            <AD_Val_Rule_ID reference="id"/>
            <ColumnName>original</ColumnName>
            <DefaultValue/>
            <FieldLength>2147483647</FieldLength>
            <IsKey>N</IsKey>
            <IsParent>N</IsParent>
            <IsMandatory>N</IsMandatory>
            <IsTranslated>N</IsTranslated>
            <IsIdentifier>N</IsIdentifier>
            <SeqNo/>
            <IsEncrypted>N</IsEncrypted>
            <AD_Reference_ID reference="id">14</AD_Reference_ID>
            <IsActive>Y</IsActive>
            <VFormat/>
            <Callout/>
            <AD_Element_ID reference="uuid" reference-key="AD_Element">bf2be1e3-c171-4702-8eb8-bed0c6085746</AD_Element_ID>
            <IsUpdateable>N</IsUpdateable>
            <AD_Process_ID reference="id"/>
            <ValueMin/>
            <ValueMax/>
            <IsSelectionColumn>N</IsSelectionColumn>
            <ReadOnlyLogic/>
            <EntityType>U</EntityType>
            <IsAlwaysUpdateable>N</IsAlwaysUpdateable>
            <ColumnSQL/>
            <MandatoryLogic/>
            <IsAutocomplete>N</IsAutocomplete>
            <IsAllowLogging>Y</IsAllowLogging>
            <FormatPattern/>
            <AD_Chart_ID reference="id"/>
            <AD_Column_UU>d0dbf301-05ab-49c8-9285-011d309bf910</AD_Column_UU>
            <IsAllowCopy>Y</IsAllowCopy>
            <SeqNoSelection/>
            <IsToolbarButton>N</IsToolbarButton>
            <IsSecure>N</IsSecure>
            <FKConstraintName/>
            <FKConstraintType/>
        </AD_Column>
        <AD_Element type="table">
            <AD_Client_ID>0</AD_Client_ID>
            <AD_Org_ID>0</AD_Org_ID>
            <IsActive>Y</IsActive>
            <ColumnName>translation</ColumnName>
            <Name>translation</Name>
            <Description/>
            <Help/>
            <PrintName>translation</PrintName>
            <PO_Description/>
            <PO_Help/>
            <PO_Name/>
            <PO_PrintName/>
            <EntityType>U</EntityType>
            <AD_Element_UU>a92f1297-a72e-443d-8bc0-e27aac1c62bc</AD_Element_UU>
            <AD_Element_Trl type="translation">
                <PrintName>translation</PrintName>
                <PO_Help/>
                <PO_Description/>
                <PO_PrintName/>
                <Description/>
                <Help/>
                <PO_Name/>
                <Name>translation</Name>
                <AD_Language>es_CO</AD_Language>
                <IsActive>Y</IsActive>
                <IsTranslated>N</IsTranslated>
            </AD_Element_Trl>
        </AD_Element>
        <AD_Column type="table">
            <IsSyncDatabase>Y</IsSyncDatabase>
            <AD_Table_ID reference="uuid" reference-key="AD_Table">ea91093c-3f9d-4a1b-bac6-eb6cea9cae68</AD_Table_ID>
            <AD_Reference_Value_ID reference="id"/>
            <AD_Client_ID>0</AD_Client_ID>
            <AD_Org_ID>0</AD_Org_ID>
            <Version>0.0</Version>
            <Name>translation</Name>
            <Description/>
            <Help/>
            <AD_Val_Rule_ID reference="id"/>
            <ColumnName>translation</ColumnName>
            <DefaultValue/>
            <FieldLength>2147483647</FieldLength>
            <IsKey>N</IsKey>
            <IsParent>N</IsParent>
            <IsMandatory>N</IsMandatory>
            <IsTranslated>N</IsTranslated>
            <IsIdentifier>N</IsIdentifier>
            <SeqNo/>
            <IsEncrypted>N</IsEncrypted>
            <AD_Reference_ID reference="id">14</AD_Reference_ID>
            <IsActive>Y</IsActive>
            <VFormat/>
            <Callout/>
            <AD_Element_ID reference="uuid" reference-key="AD_Element">a92f1297-a72e-443d-8bc0-e27aac1c62bc</AD_Element_ID>
            <IsUpdateable>N</IsUpdateable>
            <AD_Process_ID reference="id"/>
            <ValueMin/>
            <ValueMax/>
            <IsSelectionColumn>N</IsSelectionColumn>
            <ReadOnlyLogic/>
            <EntityType>U</EntityType>
            <IsAlwaysUpdateable>N</IsAlwaysUpdateable>
            <ColumnSQL/>
            <MandatoryLogic/>
            <IsAutocomplete>N</IsAutocomplete>
            <IsAllowLogging>Y</IsAllowLogging>
            <FormatPattern/>
            <AD_Chart_ID reference="id"/>
            <AD_Column_UU>a768be5f-686c-4d73-b129-53167c26a211</AD_Column_UU>
            <IsAllowCopy>Y</IsAllowCopy>
            <SeqNoSelection/>
            <IsToolbarButton>N</IsToolbarButton>
            <IsSecure>N</IsSecure>
            <FKConstraintName/>
            <FKConstraintType/>
        </AD_Column>
        <AD_Column type="table">
            <IsSyncDatabase>Y</IsSyncDatabase>
            <AD_Table_ID reference="uuid" reference-key="AD_Table">ea91093c-3f9d-4a1b-bac6-eb6cea9cae68</AD_Table_ID>
            <AD_Reference_Value_ID reference="id"/>
            <AD_Client_ID>0</AD_Client_ID>
            <AD_Org_ID>0</AD_Org_ID>
            <Version>0.0</Version>
            <Name>DB Column Name</Name>
            <Description>Name of the column in the database</Description>
            <Help>The Column Name indicates the name of a column on a table as defined in the database.</Help>
            <AD_Val_Rule_ID reference="id"/>
            <ColumnName>ColumnName</ColumnName>
            <DefaultValue/>
            <FieldLength>2147483647</FieldLength>
            <IsKey>N</IsKey>
            <IsParent>N</IsParent>
            <IsMandatory>N</IsMandatory>
            <IsTranslated>N</IsTranslated>
            <IsIdentifier>N</IsIdentifier>
            <SeqNo/>
            <IsEncrypted>N</IsEncrypted>
            <AD_Reference_ID reference="id">10</AD_Reference_ID>
            <IsActive>Y</IsActive>
            <VFormat/>
            <Callout/>
            <AD_Element_ID reference="id">228</AD_Element_ID>
            <IsUpdateable>N</IsUpdateable>
            <AD_Process_ID reference="id"/>
            <ValueMin/>
            <ValueMax/>
            <IsSelectionColumn>Y</IsSelectionColumn>
            <ReadOnlyLogic/>
            <EntityType>U</EntityType>
            <IsAlwaysUpdateable>N</IsAlwaysUpdateable>
            <ColumnSQL/>
            <MandatoryLogic/>
            <IsAutocomplete>N</IsAutocomplete>
            <IsAllowLogging>Y</IsAllowLogging>
            <FormatPattern/>
            <AD_Chart_ID reference="id"/>
            <AD_Column_UU>2e41e86e-a1a7-47ec-b368-f43932886992</AD_Column_UU>
            <IsAllowCopy>Y</IsAllowCopy>
            <SeqNoSelection/>
            <IsToolbarButton>N</IsToolbarButton>
            <IsSecure>N</IsSecure>
            <FKConstraintName/>
            <FKConstraintType>N</FKConstraintType>
        </AD_Column>
        <AD_Column type="table">
            <IsSyncDatabase>Y</IsSyncDatabase>
            <AD_Table_ID reference="uuid" reference-key="AD_Table">ea91093c-3f9d-4a1b-bac6-eb6cea9cae68</AD_Table_ID>
            <AD_Reference_Value_ID reference="id"/>
            <AD_Client_ID>0</AD_Client_ID>
            <AD_Org_ID>0</AD_Org_ID>
            <Version>0.0</Version>
            <Name>DB Table Name</Name>
            <Description>Name of the table in the database</Description>
            <Help>The DB Table Name indicates the name of the table in database.</Help>
            <AD_Val_Rule_ID reference="id"/>
            <ColumnName>TableName</ColumnName>
            <DefaultValue/>
            <FieldLength>2147483647</FieldLength>
            <IsKey>N</IsKey>
            <IsParent>N</IsParent>
            <IsMandatory>N</IsMandatory>
            <IsTranslated>N</IsTranslated>
            <IsIdentifier>Y</IsIdentifier>
            <SeqNo/>
            <IsEncrypted>N</IsEncrypted>
            <AD_Reference_ID reference="id">10</AD_Reference_ID>
            <IsActive>Y</IsActive>
            <VFormat/>
            <Callout/>
            <AD_Element_ID reference="id">587</AD_Element_ID>
            <IsUpdateable>N</IsUpdateable>
            <AD_Process_ID reference="id"/>
            <ValueMin/>
            <ValueMax/>
            <IsSelectionColumn>Y</IsSelectionColumn>
            <ReadOnlyLogic/>
            <EntityType>U</EntityType>
            <IsAlwaysUpdateable>N</IsAlwaysUpdateable>
            <ColumnSQL/>
            <MandatoryLogic/>
            <IsAutocomplete>N</IsAutocomplete>
            <IsAllowLogging>Y</IsAllowLogging>
            <FormatPattern/>
            <AD_Chart_ID reference="id"/>
            <AD_Column_UU>dbd2f4d4-a1e3-47fa-a096-e44383b995d4</AD_Column_UU>
            <IsAllowCopy>Y</IsAllowCopy>
            <SeqNoSelection/>
            <IsToolbarButton>N</IsToolbarButton>
            <IsSecure>N</IsSecure>
            <FKConstraintName/>
            <FKConstraintType>N</FKConstraintType>
        </AD_Column>
        <AD_Column type="table">
            <IsSyncDatabase>Y</IsSyncDatabase>
            <AD_Table_ID reference="uuid" reference-key="AD_Table">ea91093c-3f9d-4a1b-bac6-eb6cea9cae68</AD_Table_ID>
            <AD_Reference_Value_ID reference="id">106</AD_Reference_Value_ID>
            <AD_Client_ID>0</AD_Client_ID>
            <AD_Org_ID>0</AD_Org_ID>
            <Version>0.0</Version>
            <Name>Language</Name>
            <Description>Language for this entity</Description>
            <Help>The Language identifies the language to use for display and formatting</Help>
            <AD_Val_Rule_ID reference="id"/>
            <ColumnName>AD_Language</ColumnName>
            <DefaultValue/>
            <FieldLength>6</FieldLength>
            <IsKey>N</IsKey>
            <IsParent>N</IsParent>
            <IsMandatory>N</IsMandatory>
            <IsTranslated>N</IsTranslated>
            <IsIdentifier>N</IsIdentifier>
            <SeqNo/>
            <IsEncrypted>N</IsEncrypted>
            <AD_Reference_ID reference="id">18</AD_Reference_ID>
            <IsActive>Y</IsActive>
            <VFormat/>
            <Callout/>
            <AD_Element_ID reference="id">109</AD_Element_ID>
            <IsUpdateable>N</IsUpdateable>
            <AD_Process_ID reference="id"/>
            <ValueMin/>
            <ValueMax/>
            <IsSelectionColumn>N</IsSelectionColumn>
            <ReadOnlyLogic/>
            <EntityType>U</EntityType>
            <IsAlwaysUpdateable>N</IsAlwaysUpdateable>
            <ColumnSQL/>
            <MandatoryLogic/>
            <IsAutocomplete>N</IsAutocomplete>
            <IsAllowLogging>Y</IsAllowLogging>
            <FormatPattern/>
            <AD_Chart_ID reference="id"/>
            <AD_Column_UU>defcae73-597b-47ae-a36a-97be8520c42d</AD_Column_UU>
            <IsAllowCopy>Y</IsAllowCopy>
            <SeqNoSelection/>
            <IsToolbarButton>N</IsToolbarButton>
            <IsSecure>N</IsSecure>
            <FKConstraintName/>
            <FKConstraintType>N</FKConstraintType>
        </AD_Column>
        <AD_Column type="table">
            <IsSyncDatabase>Y</IsSyncDatabase>
            <AD_Table_ID reference="uuid" reference-key="AD_Table">ea91093c-3f9d-4a1b-bac6-eb6cea9cae68</AD_Table_ID>
            <AD_Reference_Value_ID reference="id"/>
            <AD_Client_ID>0</AD_Client_ID>
            <AD_Org_ID>0</AD_Org_ID>
            <Version>0.0</Version>
            <Name>Translated</Name>
            <Description>This column is translated</Description>
            <Help>The Translated checkbox indicates if this column is translated.</Help>
            <AD_Val_Rule_ID reference="id"/>
            <ColumnName>IsTranslated</ColumnName>
            <DefaultValue/>
            <FieldLength>1</FieldLength>
            <IsKey>N</IsKey>
            <IsParent>N</IsParent>
            <IsMandatory>N</IsMandatory>
            <IsTranslated>N</IsTranslated>
            <IsIdentifier>N</IsIdentifier>
            <SeqNo/>
            <IsEncrypted>N</IsEncrypted>
            <AD_Reference_ID reference="id">20</AD_Reference_ID>
            <IsActive>Y</IsActive>
            <VFormat/>
            <Callout/>
            <AD_Element_ID reference="id">420</AD_Element_ID>
            <IsUpdateable>N</IsUpdateable>
            <AD_Process_ID reference="id"/>
            <ValueMin/>
            <ValueMax/>
            <IsSelectionColumn>N</IsSelectionColumn>
            <ReadOnlyLogic/>
            <EntityType>U</EntityType>
            <IsAlwaysUpdateable>N</IsAlwaysUpdateable>
            <ColumnSQL/>
            <MandatoryLogic/>
            <IsAutocomplete>N</IsAutocomplete>
            <IsAllowLogging>Y</IsAllowLogging>
            <FormatPattern/>
            <AD_Chart_ID reference="id"/>
            <AD_Column_UU>0ae75037-18fd-4d8e-9aa5-1b09a76d01fc</AD_Column_UU>
            <IsAllowCopy>Y</IsAllowCopy>
            <SeqNoSelection/>
            <IsToolbarButton>N</IsToolbarButton>
            <IsSecure>N</IsSecure>
            <FKConstraintName/>
            <FKConstraintType>N</FKConstraintType>
        </AD_Column>
        <AD_Column type="table">
            <IsSyncDatabase>Y</IsSyncDatabase>
            <AD_Table_ID reference="uuid" reference-key="AD_Table">ea91093c-3f9d-4a1b-bac6-eb6cea9cae68</AD_Table_ID>
            <AD_Reference_Value_ID reference="id"/>
            <AD_Client_ID>0</AD_Client_ID>
            <AD_Org_ID>0</AD_Org_ID>
            <Version>0.0</Version>
            <Name>Active</Name>
            <Description>The record is active in the system</Description>
            <Help>There are two methods of making records unavailable in the system: One is to delete the record, the other is to de-activate the record. A de-activated record is not available for selection, but available for reports.
There are two reasons for de-activating and not deleting records:
(1) The system requires the record for audit purposes.
(2) The record is referenced by other records. E.g., you cannot delete a Business Partner, if there are invoices for this partner record existing. You de-activate the Business Partner and prevent that this record is used for future entries.</Help>
            <AD_Val_Rule_ID reference="id"/>
            <ColumnName>IsActive</ColumnName>
            <DefaultValue>Y</DefaultValue>
            <FieldLength>1</FieldLength>
            <IsKey>N</IsKey>
            <IsParent>N</IsParent>
            <IsMandatory>N</IsMandatory>
            <IsTranslated>N</IsTranslated>
            <IsIdentifier>N</IsIdentifier>
            <SeqNo/>
            <IsEncrypted>N</IsEncrypted>
            <AD_Reference_ID reference="id">20</AD_Reference_ID>
            <IsActive>Y</IsActive>
            <VFormat/>
            <Callout/>
            <AD_Element_ID reference="id">348</AD_Element_ID>
            <IsUpdateable>N</IsUpdateable>
            <AD_Process_ID reference="id"/>
            <ValueMin/>
            <ValueMax/>
            <IsSelectionColumn>N</IsSelectionColumn>
            <ReadOnlyLogic/>
            <EntityType>U</EntityType>
            <IsAlwaysUpdateable>N</IsAlwaysUpdateable>
            <ColumnSQL/>
            <MandatoryLogic/>
            <IsAutocomplete>N</IsAutocomplete>
            <IsAllowLogging>Y</IsAllowLogging>
            <FormatPattern/>
            <AD_Chart_ID reference="id"/>
            <AD_Column_UU>4a6afdfd-f6a1-486b-a2a6-8efa0ad210f2</AD_Column_UU>
            <IsAllowCopy>Y</IsAllowCopy>
            <SeqNoSelection/>
            <IsToolbarButton>N</IsToolbarButton>
            <IsSecure>N</IsSecure>
            <FKConstraintName/>
            <FKConstraintType>N</FKConstraintType>
        </AD_Column>
        <AD_Column type="table">
            <IsSyncDatabase>Y</IsSyncDatabase>
            <AD_Table_ID reference="uuid" reference-key="AD_Table">ea91093c-3f9d-4a1b-bac6-eb6cea9cae68</AD_Table_ID>
            <AD_Reference_Value_ID reference="id"/>
            <AD_Client_ID>0</AD_Client_ID>
            <AD_Org_ID>0</AD_Org_ID>
            <Version>0.0</Version>
            <Name>Client</Name>
            <Description>Client/Tenant for this installation.</Description>
            <Help>A Client is a company or a legal entity. You cannot share data between Clients. Tenant is a synonym for Client.</Help>
            <AD_Val_Rule_ID reference="id">129</AD_Val_Rule_ID>
            <ColumnName>AD_Client_ID</ColumnName>
            <DefaultValue>@#AD_Client_ID@</DefaultValue>
            <FieldLength>10</FieldLength>
            <IsKey>N</IsKey>
            <IsParent>N</IsParent>
            <IsMandatory>N</IsMandatory>
            <IsTranslated>N</IsTranslated>
            <IsIdentifier>N</IsIdentifier>
            <SeqNo/>
            <IsEncrypted>N</IsEncrypted>
            <AD_Reference_ID reference="id">19</AD_Reference_ID>
            <IsActive>Y</IsActive>
            <VFormat/>
            <Callout/>
            <AD_Element_ID reference="id">102</AD_Element_ID>
            <IsUpdateable>N</IsUpdateable>
            <AD_Process_ID reference="id"/>
            <ValueMin/>
            <ValueMax/>
            <IsSelectionColumn>N</IsSelectionColumn>
            <ReadOnlyLogic/>
            <EntityType>U</EntityType>
            <IsAlwaysUpdateable>N</IsAlwaysUpdateable>
            <ColumnSQL/>
            <MandatoryLogic/>
            <IsAutocomplete>N</IsAutocomplete>
            <IsAllowLogging>Y</IsAllowLogging>
            <FormatPattern/>
            <AD_Chart_ID reference="id"/>
            <AD_Column_UU>d7fd012e-2b78-44d6-a656-43649074c574</AD_Column_UU>
            <IsAllowCopy>Y</IsAllowCopy>
            <SeqNoSelection/>
            <IsToolbarButton>N</IsToolbarButton>
            <IsSecure>N</IsSecure>
            <FKConstraintName/>
            <FKConstraintType>D</FKConstraintType>
        </AD_Column>
        <AD_Column type="table">
            <IsSyncDatabase>Y</IsSyncDatabase>
            <AD_Table_ID reference="uuid" reference-key="AD_Table">ea91093c-3f9d-4a1b-bac6-eb6cea9cae68</AD_Table_ID>
            <AD_Reference_Value_ID reference="id"/>
            <AD_Client_ID>0</AD_Client_ID>
            <AD_Org_ID>0</AD_Org_ID>
            <Version>0.0</Version>
            <Name>Organization</Name>
            <Description>Organizational entity within client</Description>
            <Help>An organization is a unit of your client or legal entity - examples are store, department. You can share data between organizations.</Help>
            <AD_Val_Rule_ID reference="id">104</AD_Val_Rule_ID>
            <ColumnName>AD_Org_ID</ColumnName>
            <DefaultValue>@#AD_Org_ID@</DefaultValue>
            <FieldLength>10</FieldLength>
            <IsKey>N</IsKey>
            <IsParent>N</IsParent>
            <IsMandatory>N</IsMandatory>
            <IsTranslated>N</IsTranslated>
            <IsIdentifier>N</IsIdentifier>
            <SeqNo/>
            <IsEncrypted>N</IsEncrypted>
            <AD_Reference_ID reference="id">19</AD_Reference_ID>
            <IsActive>Y</IsActive>
            <VFormat/>
            <Callout/>
            <AD_Element_ID reference="id">113</AD_Element_ID>
            <IsUpdateable>N</IsUpdateable>
            <AD_Process_ID reference="id"/>
            <ValueMin/>
            <ValueMax/>
            <IsSelectionColumn>N</IsSelectionColumn>
            <ReadOnlyLogic/>
            <EntityType>U</EntityType>
            <IsAlwaysUpdateable>N</IsAlwaysUpdateable>
            <ColumnSQL/>
            <MandatoryLogic/>
            <IsAutocomplete>N</IsAutocomplete>
            <IsAllowLogging>Y</IsAllowLogging>
            <FormatPattern/>
            <AD_Chart_ID reference="id"/>
            <AD_Column_UU>974ce2d8-e769-4263-bc0d-37382e242c41</AD_Column_UU>
            <IsAllowCopy>Y</IsAllowCopy>
            <SeqNoSelection/>
            <IsToolbarButton>N</IsToolbarButton>
            <IsSecure>N</IsSecure>
            <FKConstraintName/>
            <FKConstraintType>D</FKConstraintType>
        </AD_Column>
        <AD_Column type="table">
            <IsSyncDatabase>Y</IsSyncDatabase>
            <AD_Table_ID reference="uuid" reference-key="AD_Table">ea91093c-3f9d-4a1b-bac6-eb6cea9cae68</AD_Table_ID>
            <AD_Reference_Value_ID reference="id"/>
            <AD_Client_ID>0</AD_Client_ID>
            <AD_Org_ID>0</AD_Org_ID>
            <Version>0.0</Version>
            <Name>Table</Name>
            <Description>Database Table information</Description>
            <Help>The Database Table provides the information of the table definition</Help>
            <AD_Val_Rule_ID reference="id"/>
            <ColumnName>AD_Table_ID</ColumnName>
            <DefaultValue/>
            <FieldLength>10</FieldLength>
            <IsKey>N</IsKey>
            <IsParent>N</IsParent>
            <IsMandatory>N</IsMandatory>
            <IsTranslated>N</IsTranslated>
            <IsIdentifier>N</IsIdentifier>
            <SeqNo/>
            <IsEncrypted>N</IsEncrypted>
            <AD_Reference_ID reference="id">19</AD_Reference_ID>
            <IsActive>Y</IsActive>
            <VFormat/>
            <Callout/>
            <AD_Element_ID reference="id">126</AD_Element_ID>
            <IsUpdateable>N</IsUpdateable>
            <AD_Process_ID reference="id"/>
            <ValueMin/>
            <ValueMax/>
            <IsSelectionColumn>N</IsSelectionColumn>
            <ReadOnlyLogic/>
            <EntityType>U</EntityType>
            <IsAlwaysUpdateable>N</IsAlwaysUpdateable>
            <ColumnSQL/>
            <MandatoryLogic/>
            <IsAutocomplete>N</IsAutocomplete>
            <IsAllowLogging>Y</IsAllowLogging>
            <FormatPattern/>
            <AD_Chart_ID reference="id"/>
            <AD_Column_UU>131e5176-ddd3-4507-983a-e5110871a5c0</AD_Column_UU>
            <IsAllowCopy>Y</IsAllowCopy>
            <SeqNoSelection/>
            <IsToolbarButton>N</IsToolbarButton>
            <IsSecure>N</IsSecure>
            <FKConstraintName/>
            <FKConstraintType>N</FKConstraintType>
        </AD_Column>
        <AD_Column type="table">
            <IsSyncDatabase>Y</IsSyncDatabase>
            <AD_Table_ID reference="uuid" reference-key="AD_Table">ea91093c-3f9d-4a1b-bac6-eb6cea9cae68</AD_Table_ID>
            <AD_Reference_Value_ID reference="id"/>
            <AD_Client_ID>0</AD_Client_ID>
            <AD_Org_ID>0</AD_Org_ID>
            <Version>0.0</Version>
            <Name>Column</Name>
            <Description>Column in the table</Description>
            <Help>Link to the database column of the table</Help>
            <AD_Val_Rule_ID reference="id">100</AD_Val_Rule_ID>
            <ColumnName>AD_Column_ID</ColumnName>
            <DefaultValue/>
            <FieldLength>10</FieldLength>
            <IsKey>N</IsKey>
            <IsParent>N</IsParent>
            <IsMandatory>N</IsMandatory>
            <IsTranslated>N</IsTranslated>
            <IsIdentifier>N</IsIdentifier>
            <SeqNo/>
            <IsEncrypted>N</IsEncrypted>
            <AD_Reference_ID reference="id">19</AD_Reference_ID>
            <IsActive>Y</IsActive>
            <VFormat/>
            <Callout/>
            <AD_Element_ID reference="id">104</AD_Element_ID>
            <IsUpdateable>N</IsUpdateable>
            <AD_Process_ID reference="id"/>
            <ValueMin/>
            <ValueMax/>
            <IsSelectionColumn>N</IsSelectionColumn>
            <ReadOnlyLogic/>
            <EntityType>U</EntityType>
            <IsAlwaysUpdateable>N</IsAlwaysUpdateable>
            <ColumnSQL/>
            <MandatoryLogic/>
            <IsAutocomplete>N</IsAutocomplete>
            <IsAllowLogging>Y</IsAllowLogging>
            <FormatPattern/>
            <AD_Chart_ID reference="id"/>
            <AD_Column_UU>6b6b5471-3b7a-48e9-8bc5-9514724f35bb</AD_Column_UU>
            <IsAllowCopy>Y</IsAllowCopy>
            <SeqNoSelection/>
            <IsToolbarButton>N</IsToolbarButton>
            <IsSecure>N</IsSecure>
            <FKConstraintName/>
            <FKConstraintType>N</FKConstraintType>
        </AD_Column>
        <AD_Column type="table">
            <IsSyncDatabase>Y</IsSyncDatabase>
            <AD_Table_ID reference="uuid" reference-key="AD_Table">ea91093c-3f9d-4a1b-bac6-eb6cea9cae68</AD_Table_ID>
            <AD_Reference_Value_ID reference="id"/>
            <AD_Client_ID>0</AD_Client_ID>
            <AD_Org_ID>0</AD_Org_ID>
            <Version>0.0</Version>
            <Name>Language ID</Name>
            <Description/>
            <Help/>
            <AD_Val_Rule_ID reference="id"/>
            <ColumnName>AD_Language_ID</ColumnName>
            <DefaultValue>@SQL=SELECT NVL(MAX(AD_Language_ID),0)+1 AS DefaultValue FROM AD_Language</DefaultValue>
            <FieldLength>10</FieldLength>
            <IsKey>N</IsKey>
            <IsParent>N</IsParent>
            <IsMandatory>N</IsMandatory>
            <IsTranslated>N</IsTranslated>
            <IsIdentifier>N</IsIdentifier>
            <SeqNo/>
            <IsEncrypted>N</IsEncrypted>
            <AD_Reference_ID reference="id">19</AD_Reference_ID>
            <IsActive>Y</IsActive>
            <VFormat/>
            <Callout/>
            <AD_Element_ID reference="id">2159</AD_Element_ID>
            <IsUpdateable>N</IsUpdateable>
            <AD_Process_ID reference="id"/>
            <ValueMin/>
            <ValueMax/>
            <IsSelectionColumn>N</IsSelectionColumn>
            <ReadOnlyLogic/>
            <EntityType>U</EntityType>
            <IsAlwaysUpdateable>N</IsAlwaysUpdateable>
            <ColumnSQL/>
            <MandatoryLogic/>
            <IsAutocomplete>N</IsAutocomplete>
            <IsAllowLogging>Y</IsAllowLogging>
            <FormatPattern/>
            <AD_Chart_ID reference="id"/>
            <AD_Column_UU>bd1df9e5-9096-4b49-b960-205717334719</AD_Column_UU>
            <IsAllowCopy>Y</IsAllowCopy>
            <SeqNoSelection/>
            <IsToolbarButton>N</IsToolbarButton>
            <IsSecure>N</IsSecure>
            <FKConstraintName/>
            <FKConstraintType>N</FKConstraintType>
        </AD_Column>
    </AD_Table>
    <AD_Reference type="table">
        <AD_Client_ID>0</AD_Client_ID>
        <AD_Org_ID>0</AD_Org_ID>
        <Name>BOC_Column</Name>
        <Description/>
        <Help/>
        <ValidationType>T</ValidationType>
        <IsActive>Y</IsActive>
        <VFormat/>
        <EntityType>U</EntityType>
        <IsOrderByValue>N</IsOrderByValue>
        <AD_Reference_UU>03773125-6986-430b-b7fa-99245c20408a</AD_Reference_UU>
        <AD_Reference_Trl type="translation">
            <Help/>
            <Description/>
            <Name>BOC_Column</Name>
            <AD_Language>es_CO</AD_Language>
            <IsActive>Y</IsActive>
            <IsTranslated>N</IsTranslated>
        </AD_Reference_Trl>
        <AD_Ref_Table type="table">
            <AD_Client_ID>0</AD_Client_ID>
            <AD_Org_ID>0</AD_Org_ID>
            <AD_Reference_ID reference="uuid" reference-key="AD_Reference">03773125-6986-430b-b7fa-99245c20408a</AD_Reference_ID>
            <AD_Table_ID reference="id">101</AD_Table_ID>
            <WhereClause>ad_column.ad_column_id IN (SELECT ad_column_id FROM boc_translation_v)</WhereClause>
            <OrderByClause>ad_column.columnname</OrderByClause>
            <IsActive>Y</IsActive>
            <IsValueDisplayed>N</IsValueDisplayed>
            <EntityType>U</EntityType>
            <AD_Window_ID reference="id"/>
            <AD_Ref_Table_UU>a7727a89-acdf-4652-814d-287d697ab458</AD_Ref_Table_UU>
            <AD_InfoWindow_ID reference="id"/>
            <AD_Display reference="id">116</AD_Display>
            <AD_Key reference="id">109</AD_Key>
        </AD_Ref_Table>
    </AD_Reference>
    <AD_Reference type="table">
        <AD_Client_ID>0</AD_Client_ID>
        <AD_Org_ID>0</AD_Org_ID>
        <Name>BOC_Language</Name>
        <Description/>
        <Help/>
        <ValidationType>T</ValidationType>
        <IsActive>Y</IsActive>
        <VFormat/>
        <EntityType>U</EntityType>
        <IsOrderByValue>N</IsOrderByValue>
        <AD_Reference_UU>e4f14fb9-68ab-4c5f-ab95-8206fcdb38ce</AD_Reference_UU>
        <AD_Reference_Trl type="translation">
            <Help/>
            <Description/>
            <Name>BOC_Languag</Name>
            <AD_Language>es_CO</AD_Language>
            <IsActive>Y</IsActive>
            <IsTranslated>N</IsTranslated>
        </AD_Reference_Trl>
        <AD_Ref_Table type="table">
            <AD_Client_ID>0</AD_Client_ID>
            <AD_Org_ID>0</AD_Org_ID>
            <AD_Reference_ID reference="uuid" reference-key="AD_Reference">e4f14fb9-68ab-4c5f-ab95-8206fcdb38ce</AD_Reference_ID>
            <AD_Table_ID reference="id">111</AD_Table_ID>
            <WhereClause>ad_language.isSystemLanguage = 'Y'</WhereClause>
            <OrderByClause>ad_language.ad_language</OrderByClause>
            <IsActive>Y</IsActive>
            <IsValueDisplayed>N</IsValueDisplayed>
            <EntityType>U</EntityType>
            <AD_Window_ID reference="id"/>
            <AD_Ref_Table_UU>51c1e616-59af-4f29-b8e0-89f558dd259c</AD_Ref_Table_UU>
            <AD_InfoWindow_ID reference="id"/>
            <AD_Display reference="id">203</AD_Display>
            <AD_Key reference="id">9622</AD_Key>
        </AD_Ref_Table>
    </AD_Reference>
    <AD_Reference type="table">
        <AD_Client_ID>0</AD_Client_ID>
        <AD_Org_ID>0</AD_Org_ID>
        <Name>BOC_Table</Name>
        <Description/>
        <Help/>
        <ValidationType>T</ValidationType>
        <IsActive>Y</IsActive>
        <VFormat/>
        <EntityType>U</EntityType>
        <IsOrderByValue>N</IsOrderByValue>
        <AD_Reference_UU>fe3eba7d-6f16-4059-814d-df772366d053</AD_Reference_UU>
        <AD_Reference_Trl type="translation">
            <Help/>
            <Description/>
            <Name>BOC_Table</Name>
            <AD_Language>es_CO</AD_Language>
            <IsActive>Y</IsActive>
            <IsTranslated>N</IsTranslated>
        </AD_Reference_Trl>
        <AD_Ref_Table type="table">
            <AD_Client_ID>0</AD_Client_ID>
            <AD_Org_ID>0</AD_Org_ID>
            <AD_Reference_ID reference="uuid" reference-key="AD_Reference">fe3eba7d-6f16-4059-814d-df772366d053</AD_Reference_ID>
            <AD_Table_ID reference="id">100</AD_Table_ID>
            <WhereClause>ad_table.ad_table_id IN (SELECT ad_table_id FROM boc_translation_v)</WhereClause>
            <OrderByClause>ad_table.tablename</OrderByClause>
            <IsActive>Y</IsActive>
            <IsValueDisplayed>N</IsValueDisplayed>
            <EntityType>U</EntityType>
            <AD_Window_ID reference="id"/>
            <AD_Ref_Table_UU>d06b0d2c-f1be-43b3-86e9-35fa74c28bf4</AD_Ref_Table_UU>
            <AD_InfoWindow_ID reference="id"/>
            <AD_Display reference="id">107</AD_Display>
            <AD_Key reference="id">100</AD_Key>
        </AD_Ref_Table>
    </AD_Reference>
</idempiere>
